seed,generation,best_feasible_objective,best_penalized_score,feasible_fraction
0,0,-5.99939171359435,-5.99939171359435,0.75
0,1,-6.0,-6.0,0.9375
0,2,-6.0,-6.0,0.9
0,3,-6.0,-6.0,0.85
0,4,-6.0,-6.0,0.8875
0,5,-6.0,-6.0,0.925
0,6,-6.0,-6.0,0.925
0,7,-6.0,-6.0,0.9375
0,8,-6.0,-6.0,0.9
0,9,-6.0,-6.0,0.875
0,10,-6.0,-6.0,0.9125
0,11,-6.0,-6.0,0.9125
0,12,-6.0,-6.0,0.925
0,13,-6.0,-6.0,0.9
0,14,-6.0,-6.0,0.8875
0,15,-6.0,-6.0,0.9125
0,16,-6.0,-6.0,0.9125
0,17,-6.0,-6.0,0.9375
0,18,-6.0,-6.0,0.8875
0,19,-6.0,-6.0,0.9625
0,20,-6.0,-6.0,0.875
0,21,-6.0,-6.0,0.925
0,22,-6.0,-6.0,0.9625
0,23,-6.0,-6.0,0.95
0,24,-6.0,-6.0,0.9125
0,25,-6.0,-6.0,0.8625
0,26,-6.0,-6.0,0.9
0,27,-6.0,-6.0,0.9375
0,28,-6.0,-6.0,0.875
0,29,-6.0,-6.0,0.875
0,30,-6.0,-6.0,0.825
0,31,-6.0,-6.0,0.875
0,32,-6.0,-6.0,0.95
0,33,-6.0,-6.0,0.9
0,34,-6.0,-6.0,0.9125
0,35,-6.0,-6.0,0.9625
0,36,-6.0,-6.0,0.9125
0,37,-6.0,-6.0,0.8875
0,38,-6.0,-6.0,0.925
0,39,-6.0,-6.0,0.9375
0,40,-6.0,-6.0,0.95
0,41,-6.0,-6.0,0.9
0,42,-6.0,-6.0,0.9
0,43,-6.0,-6.0,0.975
0,44,-6.0,-6.0,0.9625
0,45,-6.0,-6.0,0.9625
0,46,-6.0,-6.0,0.95
0,47,-6.0,-6.0,0.875
0,48,-6.0,-6.0,0.9
0,49,-6.0,-6.0,0.95
0,50,-6.0,-6.0,0.9
0,51,-6.0,-6.0,0.95
0,52,-6.0,-6.0,0.9375
0,53,-6.0,-6.0,0.9375
0,54,-6.0,-6.0,0.875
0,55,-6.0,-6.0,0.9
0,56,-6.0,-6.0,0.9375
0,57,-6.0,-6.0,0.9125
0,58,-6.0,-6.0,0.9125
0,59,-6.0,-6.0,0.9125
0,60,-6.0,-6.0,0.9
0,61,-6.0,-6.0,0.9
0,62,-6.0,-6.0,0.9125
0,63,-6.0,-6.0,0.9
0,64,-6.0,-6.0,0.9375
0,65,-6.0,-6.0,0.925
0,66,-6.0,-6.0,0.9375
0,67,-6.0,-6.0,0.925
0,68,-6.0,-6.0,0.9375
0,69,-6.0,-6.0,0.85
0,70,-6.0,-6.0,0.925
0,71,-6.0,-6.0,0.925
0,72,-6.0,-6.0,0.9375
0,73,-6.0,-6.0,0.9375
0,74,-6.0,-6.0,0.85
0,75,-6.0,-6.0,0.975
0,76,-6.0,-6.0,0.9125
0,77,-6.0,-6.0,0.9
0,78,-6.0,-6.0,0.85
0,79,-6.0,-6.0,0.9
0,80,-6.0,-6.0,0.925
0,81,-6.0,-6.0,0.9
0,82,-6.0,-6.0,0.95
0,83,-6.0,-6.0,0.9375
0,84,-6.0,-6.0,0.8875
0,85,-6.0,-6.0,0.8875
0,86,-6.0,-6.0,0.9
0,87,-6.0,-6.0,0.8875
0,88,-6.0,-6.0,0.95
0,89,-6.0,-6.0,0.9625
0,90,-6.0,-6.0,0.925
0,91,-6.0,-6.0,0.9125
0,92,-6.0,-6.0,0.925
0,93,-6.0,-6.0,0.9625
0,94,-6.0,-6.0,0.9125
0,95,-6.0,-6.0,0.9375
0,96,-6.0,-6.0,0.85
0,97,-6.0,-6.0,0.925
0,98,-6.0,-6.0,0.9375
0,99,-6.0,-6.0,0.9375
0,100,-6.0,-6.0,0.925
0,101,-6.0,-6.0,0.925
0,102,-6.0,-6.0,0.925
0,103,-6.0,-6.0,0.875
0,104,-6.0,-6.0,0.8875
0,105,-6.0,-6.0,0.95
0,106,-6.0,-6.0,0.925
0,107,-6.0,-6.0,0.9125
0,108,-6.0,-6.0,0.875
0,109,-6.0,-6.0,0.9375
0,110,-6.0,-6.0,0.95
0,111,-6.0,-6.0,0.975
0,112,-6.0,-6.0,0.9
0,113,-6.0,-6.0,0.9125
0,114,-6.0,-6.0,0.9125
0,115,-6.0,-6.0,0.8875
0,116,-6.0,-6.0,0.95
0,117,-6.0,-6.0,0.9625
0,118,-6.0,-6.0,0.9
0,119,-6.0,-6.0,0.9125
0,120,-6.0,-6.0,0.9375
0,121,-6.0,-6.0,0.9125
0,122,-6.0,-6.0,0.925
0,123,-6.0,-6.0,0.9125
0,124,-6.0,-6.0,0.8875
0,125,-6.0,-6.0,0.85
0,126,-6.0,-6.0,0.8375
0,127,-6.0,-6.0,0.925
0,128,-6.0,-6.0,0.95
0,129,-6.0,-6.0,0.8375
0,130,-6.0,-6.0,0.8625
0,131,-6.0,-6.0,0.9125
0,132,-6.0,-6.0,0.875
0,133,-6.0,-6.0,0.9625
0,134,-6.0,-6.0,0.925
0,135,-6.0,-6.0,0.8625
0,136,-6.0,-6.0,0.95
0,137,-6.0,-6.0,0.8875
0,138,-6.0,-6.0,0.9125
0,139,-6.0,-6.0,0.825
0,140,-6.0,-6.0,0.9
0,141,-6.0,-6.0,0.875
0,142,-6.0,-6.0,0.8125
0,143,-6.0,-6.0,0.925
0,144,-6.0,-6.0,0.8875
0,145,-6.0,-6.0,0.8375
0,146,-6.0,-6.0,0.9
0,147,-6.0,-6.0,0.975
0,148,-6.0,-6.0,0.925
0,149,-6.0,-6.0,0.9
0,150,-6.0,-6.0,0.875
0,151,-6.0,-6.0,0.9625
0,152,-6.0,-6.0,0.8875
0,153,-6.0,-6.0,0.95
0,154,-6.0,-6.0,0.8625
0,155,-6.0,-6.0,0.9375
0,156,-6.0,-6.0,0.9
0,157,-6.0,-6.0,0.9
0,158,-6.0,-6.0,0.85
0,159,-6.0,-6.0,0.925
0,160,-6.0,-6.0,0.9125
0,161,-6.0,-6.0,0.9375
0,162,-6.0,-6.0,0.9125
0,163,-6.0,-6.0,0.8875
0,164,-6.0,-6.0,0.8875
0,165,-6.0,-6.0,0.8875
0,166,-6.0,-6.0,0.9625
0,167,-6.0,-6.0,0.925
0,168,-6.0,-6.0,0.875
0,169,-6.0,-6.0,0.9
0,170,-6.0,-6.0,0.9
0,171,-6.0,-6.0,0.925
0,172,-6.0,-6.0,0.9625
0,173,-6.0,-6.0,0.9
0,174,-6.0,-6.0,0.9375
0,175,-6.0,-6.0,0.925
0,176,-6.0,-6.0,0.9375
0,177,-6.0,-6.0,0.85
0,178,-6.0,-6.0,0.95
0,179,-6.0,-6.0,0.9125
0,180,-6.0,-6.0,0.925
0,181,-6.0,-6.0,0.925
0,182,-6.0,-6.0,0.8625
0,183,-6.0,-6.0,0.925
0,184,-6.0,-6.0,0.875
0,185,-6.0,-6.0,0.9375
0,186,-6.0,-6.0,0.8375
0,187,-6.0,-6.0,0.85
0,188,-6.0,-6.0,0.8625
0,189,-6.0,-6.0,0.9
0,190,-6.0,-6.0,0.8875
0,191,-6.0,-6.0,0.95
0,192,-6.0,-6.0,0.9125
0,193,-6.0,-6.0,0.9125
0,194,-6.0,-6.0,0.9125
0,195,-6.0,-6.0,0.9
0,196,-6.0,-6.0,0.9
0,197,-6.0,-6.0,0.9375
0,198,-6.0,-6.0,0.8875
0,199,-6.0,-6.0,0.95
0,200,-6.0,-6.0,0.925
1,0,-5.996360806572153,-5.996360806572153,0.75
1,1,-5.999983641091733,-5.999983641091733,0.8875
1,2,-6.0,-6.0,0.9125
1,3,-6.0,-6.0,0.825
1,4,-6.0,-6.0,0.9
1,5,-6.0,-6.0,0.925
1,6,-6.0,-6.0,0.8875
1,7,-6.0,-6.0,0.8875
1,8,-6.0,-6.0,0.925
1,9,-6.0,-6.0,0.9375
1,10,-6.0,-6.0,0.875
1,11,-6.0,-6.0,0.875
1,12,-6.0,-6.0,0.875
1,13,-6.0,-6.0,0.8875
1,14,-6.0,-6.0,0.925
1,15,-6.0,-6.0,0.9
1,16,-6.0,-6.0,0.975
1,17,-6.0,-6.0,0.9375
1,18,-6.0,-6.0,0.9375
1,19,-6.0,-6.0,0.9375
1,20,-6.0,-6.0,0.9375
1,21,-6.0,-6.0,0.875
1,22,-6.0,-6.0,0.85
1,23,-6.0,-6.0,0.875
1,24,-6.0,-6.0,0.8875
1,25,-6.0,-6.0,0.9125
1,26,-6.0,-6.0,0.875
1,27,-6.0,-6.0,0.925
1,28,-6.0,-6.0,0.925
1,29,-6.0,-6.0,0.9125
1,30,-6.0,-6.0,0.9625
1,31,-6.0,-6.0,0.9375
1,32,-6.0,-6.0,0.875
1,33,-6.0,-6.0,0.8625
1,34,-6.0,-6.0,0.9125
1,35,-6.0,-6.0,0.9
1,36,-6.0,-6.0,0.9375
1,37,-6.0,-6.0,0.8625
1,38,-6.0,-6.0,0.9
1,39,-6.0,-6.0,0.875
1,40,-6.0,-6.0,0.9
1,41,-6.0,-6.0,0.925
1,42,-6.0,-6.0,0.95
1,43,-6.0,-6.0,0.95
1,44,-6.0,-6.0,0.9375
1,45,-6.0,-6.0,0.875
1,46,-6.0,-6.0,0.9625
1,47,-6.0,-6.0,0.9125
1,48,-6.0,-6.0,0.9375
1,49,-6.0,-6.0,0.9
1,50,-6.0,-6.0,0.9
1,51,-6.0,-6.0,0.9125
1,52,-6.0,-6.0,0.8875
1,53,-6.0,-6.0,0.8875
1,54,-6.0,-6.0,0.9125
1,55,-6.0,-6.0,0.9125
1,56,-6.0,-6.0,0.9
1,57,-6.0,-6.0,0.925
1,58,-6.0,-6.0,0.925
1,59,-6.0,-6.0,0.9
1,60,-6.0,-6.0,0.9125
1,61,-6.0,-6.0,0.8875
1,62,-6.0,-6.0,0.9125
1,63,-6.0,-6.0,0.95
1,64,-6.0,-6.0,0.9375
1,65,-6.0,-6.0,0.95
1,66,-6.0,-6.0,0.8875
1,67,-6.0,-6.0,0.9375
1,68,-6.0,-6.0,0.9375
1,69,-6.0,-6.0,0.975
1,70,-6.0,-6.0,0.8625
1,71,-6.0,-6.0,0.875
1,72,-6.0,-6.0,0.8875
1,73,-6.0,-6.0,0.9125
1,74,-6.0,-6.0,0.925
1,75,-6.0,-6.0,0.8375
1,76,-6.0,-6.0,0.85
1,77,-6.0,-6.0,0.8875
1,78,-6.0,-6.0,0.8875
1,79,-6.0,-6.0,0.925
1,80,-6.0,-6.0,0.9375
1,81,-6.0,-6.0,0.925
1,82,-6.0,-6.0,0.925
1,83,-6.0,-6.0,0.85
1,84,-6.0,-6.0,0.8875
1,85,-6.0,-6.0,0.95
1,86,-6.0,-6.0,0.9125
1,87,-6.0,-6.0,0.8625
1,88,-6.0,-6.0,0.925
1,89,-6.0,-6.0,0.925
1,90,-6.0,-6.0,0.925
1,91,-6.0,-6.0,0.9375
1,92,-6.0,-6.0,0.9125
1,93,-6.0,-6.0,0.8875
1,94,-6.0,-6.0,0.9125
1,95,-6.0,-6.0,0.9625
1,96,-6.0,-6.0,0.8625
1,97,-6.0,-6.0,0.8875
1,98,-6.0,-6.0,0.8875
1,99,-6.0,-6.0,0.8875
1,100,-6.0,-6.0,0.9
1,101,-6.0,-6.0,0.9125
1,102,-6.0,-6.0,0.9125
1,103,-6.0,-6.0,0.9125
1,104,-6.0,-6.0,0.9375
1,105,-6.0,-6.0,0.9125
1,106,-6.0,-6.0,0.8375
1,107,-6.0,-6.0,0.8875
1,108,-6.0,-6.0,0.85
1,109,-6.0,-6.0,0.9125
1,110,-6.0,-6.0,0.925
1,111,-6.0,-6.0,0.9375
1,112,-6.0,-6.0,0.925
1,113,-6.0,-6.0,0.9125
1,114,-6.0,-6.0,0.8625
1,115,-6.0,-6.0,0.9125
1,116,-6.0,-6.0,0.95
1,117,-6.0,-6.0,0.9375
1,118,-6.0,-6.0,0.875
1,119,-6.0,-6.0,0.9
1,120,-6.0,-6.0,0.9
1,121,-6.0,-6.0,0.9625
1,122,-6.0,-6.0,0.9
1,123,-6.0,-6.0,0.9375
1,124,-6.0,-6.0,0.9375
1,125,-6.0,-6.0,0.925
1,126,-6.0,-6.0,0.9
1,127,-6.0,-6.0,0.9125
1,128,-6.0,-6.0,0.925
1,129,-6.0,-6.0,0.9
1,130,-6.0,-6.0,0.8875
1,131,-6.0,-6.0,0.925
1,132,-6.0,-6.0,0.9125
1,133,-6.0,-6.0,0.9625
1,134,-6.0,-6.0,0.9125
1,135,-6.0,-6.0,0.8875
1,136,-6.0,-6.0,0.9375
1,137,-6.0,-6.0,0.925
1,138,-6.0,-6.0,0.9125
1,139,-6.0,-6.0,0.925
1,140,-6.0,-6.0,0.9125
1,141,-6.0,-6.0,0.9375
1,142,-6.0,-6.0,0.875
1,143,-6.0,-6.0,0.9
1,144,-6.0,-6.0,0.8625
1,145,-6.0,-6.0,0.925
1,146,-6.0,-6.0,0.9375
1,147,-6.0,-6.0,0.925
1,148,-6.0,-6.0,0.95
1,149,-6.0,-6.0,0.8875
1,150,-6.0,-6.0,0.95
1,151,-6.0,-6.0,0.9875
1,152,-6.0,-6.0,0.925
1,153,-6.0,-6.0,0.9375
1,154,-6.0,-6.0,0.925
1,155,-6.0,-6.0,0.9375
1,156,-6.0,-6.0,0.875
1,157,-6.0,-6.0,0.925
1,158,-6.0,-6.0,0.9375
1,159,-6.0,-6.0,0.875
1,160,-6.0,-6.0,0.8375
1,161,-6.0,-6.0,0.875
1,162,-6.0,-6.0,0.95
1,163,-6.0,-6.0,0.9125
1,164,-6.0,-6.0,0.9375
1,165,-6.0,-6.0,0.875
1,166,-6.0,-6.0,0.8625
1,167,-6.0,-6.0,0.925
1,168,-6.0,-6.0,0.8875
1,169,-6.0,-6.0,0.875
1,170,-6.0,-6.0,0.95
1,171,-6.0,-6.0,0.875
1,172,-6.0,-6.0,0.9375
1,173,-6.0,-6.0,0.975
1,174,-6.0,-6.0,0.9
1,175,-6.0,-6.0,0.9125
1,176,-6.0,-6.0,0.9125
1,177,-6.0,-6.0,0.875
1,178,-6.0,-6.0,0.875
1,179,-6.0,-6.0,0.9375
1,180,-6.0,-6.0,0.9625
1,181,-6.0,-6.0,0.8875
1,182,-6.0,-6.0,0.9375
1,183,-6.0,-6.0,0.9
1,184,-6.0,-6.0,0.9375
1,185,-6.0,-6.0,0.925
1,186,-6.0,-6.0,0.95
1,187,-6.0,-6.0,0.95
1,188,-6.0,-6.0,0.95
1,189,-6.0,-6.0,0.9125
1,190,-6.0,-6.0,0.9125
1,191,-6.0,-6.0,0.9
1,192,-6.0,-6.0,0.9125
1,193,-6.0,-6.0,0.9125
1,194,-6.0,-6.0,0.925
1,195,-6.0,-6.0,0.875
1,196,-6.0,-6.0,0.9
1,197,-6.0,-6.0,0.9125
1,198,-6.0,-6.0,0.9375
1,199,-6.0,-6.0,0.8875
1,200,-6.0,-6.0,0.8875
2,0,-5.999639684661591,-5.999639684661591,0.7375
2,1,-6.0,-6.0,0.875
2,2,-6.0,-6.0,0.875
2,3,-6.0,-6.0,0.925
2,4,-6.0,-6.0,0.875
2,5,-6.0,-6.0,0.85
2,6,-6.0,-6.0,0.9
2,7,-6.0,-6.0,0.9
2,8,-6.0,-6.0,0.9375
2,9,-6.0,-6.0,0.9125
2,10,-6.0,-6.0,0.9375
2,11,-6.0,-6.0,0.875
2,12,-6.0,-6.0,0.9625
2,13,-6.0,-6.0,0.925
2,14,-6.0,-6.0,0.9375
2,15,-6.0,-6.0,0.9375
2,16,-6.0,-6.0,0.9375
2,17,-6.0,-6.0,0.9125
2,18,-6.0,-6.0,0.8875
2,19,-6.0,-6.0,0.9375
2,20,-6.0,-6.0,0.9
2,21,-6.0,-6.0,0.9
2,22,-6.0,-6.0,0.95
2,23,-6.0,-6.0,0.9125
2,24,-6.0,-6.0,0.95
2,25,-6.0,-6.0,0.9125
2,26,-6.0,-6.0,0.8625
2,27,-6.0,-6.0,0.875
2,28,-6.0,-6.0,0.9
2,29,-6.0,-6.0,0.95
2,30,-6.0,-6.0,0.9375
2,31,-6.0,-6.0,0.975
2,32,-6.0,-6.0,0.975
2,33,-6.0,-6.0,0.925
2,34,-6.0,-6.0,0.925
2,35,-6.0,-6.0,0.875
2,36,-6.0,-6.0,0.975
2,37,-6.0,-6.0,0.9375
2,38,-6.0,-6.0,0.925
2,39,-6.0,-6.0,0.925
2,40,-6.0,-6.0,0.95
2,41,-6.0,-6.0,0.9375
2,42,-6.0,-6.0,0.8625
2,43,-6.0,-6.0,0.9
2,44,-6.0,-6.0,0.9125
2,45,-6.0,-6.0,0.9375
2,46,-6.0,-6.0,0.925
2,47,-6.0,-6.0,0.875
2,48,-6.0,-6.0,0.8625
2,49,-6.0,-6.0,0.875
2,50,-6.0,-6.0,0.8875
2,51,-6.0,-6.0,0.9125
2,52,-6.0,-6.0,0.9125
2,53,-6.0,-6.0,0.9375
2,54,-6.0,-6.0,0.925
2,55,-6.0,-6.0,0.925
2,56,-6.0,-6.0,0.9125
2,57,-6.0,-6.0,0.8875
2,58,-6.0,-6.0,0.9125
2,59,-6.0,-6.0,0.9625
2,60,-6.0,-6.0,0.9125
2,61,-6.0,-6.0,0.9375
2,62,-6.0,-6.0,0.9
2,63,-6.0,-6.0,0.9375
2,64,-6.0,-6.0,0.9125
2,65,-6.0,-6.0,0.9125
2,66,-6.0,-6.0,0.9375
2,67,-6.0,-6.0,0.8875
2,68,-6.0,-6.0,0.9
2,69,-6.0,-6.0,0.9375
2,70,-6.0,-6.0,0.9
2,71,-6.0,-6.0,0.8875
2,72,-6.0,-6.0,0.925
2,73,-6.0,-6.0,0.9125
2,74,-6.0,-6.0,0.925
2,75,-6.0,-6.0,0.9
2,76,-6.0,-6.0,0.9125
2,77,-6.0,-6.0,0.95
2,78,-6.0,-6.0,0.9125
2,79,-6.0,-6.0,0.925
2,80,-6.0,-6.0,0.9375
2,81,-6.0,-6.0,0.85
2,82,-6.0,-6.0,0.8875
2,83,-6.0,-6.0,0.9
2,84,-6.0,-6.0,0.8625
2,85,-6.0,-6.0,0.9375
2,86,-6.0,-6.0,0.925
2,87,-6.0,-6.0,0.9375
2,88,-6.0,-6.0,0.85
2,89,-6.0,-6.0,0.8875
2,90,-6.0,-6.0,0.875
2,91,-6.0,-6.0,0.9
2,92,-6.0,-6.0,0.9
2,93,-6.0,-6.0,0.9125
2,94,-6.0,-6.0,0.8875
2,95,-6.0,-6.0,0.8875
2,96,-6.0,-6.0,0.975
2,97,-6.0,-6.0,0.9
2,98,-6.0,-6.0,0.9625
2,99,-6.0,-6.0,0.95
2,100,-6.0,-6.0,0.9
2,101,-6.0,-6.0,0.925
2,102,-6.0,-6.0,0.8625
2,103,-6.0,-6.0,0.8625
2,104,-6.0,-6.0,0.9
2,105,-6.0,-6.0,0.95
2,106,-6.0,-6.0,0.9125
2,107,-6.0,-6.0,0.8875
2,108,-6.0,-6.0,0.9125
2,109,-6.0,-6.0,0.9
2,110,-6.0,-6.0,0.9375
2,111,-6.0,-6.0,0.9125
2,112,-6.0,-6.0,0.925
2,113,-6.0,-6.0,0.925
2,114,-6.0,-6.0,0.9375
2,115,-6.0,-6.0,0.9375
2,116,-6.0,-6.0,0.8875
2,117,-6.0,-6.0,0.875
2,118,-6.0,-6.0,0.9125
2,119,-6.0,-6.0,0.9
2,120,-6.0,-6.0,0.975
2,121,-6.0,-6.0,0.9375
2,122,-6.0,-6.0,0.925
2,123,-6.0,-6.0,0.9125
2,124,-6.0,-6.0,0.95
2,125,-6.0,-6.0,0.9375
2,126,-6.0,-6.0,0.975
2,127,-6.0,-6.0,0.95
2,128,-6.0,-6.0,0.8875
2,129,-6.0,-6.0,0.9
2,130,-6.0,-6.0,0.8625
2,131,-6.0,-6.0,0.9125
2,132,-6.0,-6.0,0.85
2,133,-6.0,-6.0,0.9125
2,134,-6.0,-6.0,0.925
2,135,-6.0,-6.0,0.9125
2,136,-6.0,-6.0,0.9
2,137,-6.0,-6.0,0.95
2,138,-6.0,-6.0,0.9
2,139,-6.0,-6.0,0.9375
2,140,-6.0,-6.0,0.9375
2,141,-6.0,-6.0,0.8875
2,142,-6.0,-6.0,0.8875
2,143,-6.0,-6.0,0.8625
2,144,-6.0,-6.0,0.9125
2,145,-6.0,-6.0,0.8875
2,146,-6.0,-6.0,0.8875
2,147,-6.0,-6.0,0.875
2,148,-6.0,-6.0,0.9
2,149,-6.0,-6.0,0.8625
2,150,-6.0,-6.0,0.8875
2,151,-6.0,-6.0,0.875
2,152,-6.0,-6.0,0.9375
2,153,-6.0,-6.0,0.8875
2,154,-6.0,-6.0,0.8125
2,155,-6.0,-6.0,0.875
2,156,-6.0,-6.0,0.95
2,157,-6.0,-6.0,0.8875
2,158,-6.0,-6.0,0.85
2,159,-6.0,-6.0,0.9375
2,160,-6.0,-6.0,0.95
2,161,-6.0,-6.0,0.95
2,162,-6.0,-6.0,0.925
2,163,-6.0,-6.0,0.925
2,164,-6.0,-6.0,0.95
2,165,-6.0,-6.0,0.975
2,166,-6.0,-6.0,0.9125
2,167,-6.0,-6.0,0.9125
2,168,-6.0,-6.0,0.925
2,169,-6.0,-6.0,0.9
2,170,-6.0,-6.0,0.9375
2,171,-6.0,-6.0,0.9
2,172,-6.0,-6.0,0.9
2,173,-6.0,-6.0,0.9125
2,174,-6.0,-6.0,0.85
2,175,-6.0,-6.0,0.925
2,176,-6.0,-6.0,0.9375
2,177,-6.0,-6.0,0.925
2,178,-6.0,-6.0,0.9625
2,179,-6.0,-6.0,0.925
2,180,-6.0,-6.0,0.875
2,181,-6.0,-6.0,0.8875
2,182,-6.0,-6.0,0.8875
2,183,-6.0,-6.0,0.9
2,184,-6.0,-6.0,0.9375
2,185,-6.0,-6.0,0.9375
2,186,-6.0,-6.0,0.95
2,187,-6.0,-6.0,0.9625
2,188,-6.0,-6.0,0.8875
2,189,-6.0,-6.0,0.9375
2,190,-6.0,-6.0,0.9125
2,191,-6.0,-6.0,0.875
2,192,-6.0,-6.0,0.8875
2,193,-6.0,-6.0,0.95
2,194,-6.0,-6.0,0.9125
2,195,-6.0,-6.0,0.9
2,196,-6.0,-6.0,0.9
2,197,-6.0,-6.0,0.925
2,198,-6.0,-6.0,0.9625
2,199,-6.0,-6.0,0.9125
2,200,-6.0,-6.0,0.9
3,0,-5.99525406208411,-5.99525406208411,0.7375
3,1,-5.999060627908515,-5.999060627908515,0.9375
3,2,-6.0,-6.0,0.85
3,3,-6.0,-6.0,0.8875
3,4,-6.0,-6.0,0.9
3,5,-6.0,-6.0,0.95
3,6,-6.0,-6.0,0.9
3,7,-6.0,-6.0,0.8875
3,8,-6.0,-6.0,0.9375
3,9,-6.0,-6.0,0.875
3,10,-6.0,-6.0,0.8875
3,11,-6.0,-6.0,0.8625
3,12,-6.0,-6.0,0.9
3,13,-6.0,-6.0,0.9625
3,14,-6.0,-6.0,0.875
3,15,-6.0,-6.0,0.9375
3,16,-6.0,-6.0,0.9125
3,17,-6.0,-6.0,0.9
3,18,-6.0,-6.0,0.9
3,19,-6.0,-6.0,0.9
3,20,-6.0,-6.0,0.9125
3,21,-6.0,-6.0,0.875
3,22,-6.0,-6.0,0.925
3,23,-6.0,-6.0,0.8625
3,24,-6.0,-6.0,0.9
3,25,-6.0,-6.0,0.925
3,26,-6.0,-6.0,0.95
3,27,-6.0,-6.0,0.8875
3,28,-6.0,-6.0,0.9125
3,29,-6.0,-6.0,0.8625
3,30,-6.0,-6.0,0.9125
3,31,-6.0,-6.0,0.925
3,32,-6.0,-6.0,0.95
3,33,-6.0,-6.0,0.9375
3,34,-6.0,-6.0,0.8875
3,35,-6.0,-6.0,0.8875
3,36,-6.0,-6.0,0.925
3,37,-6.0,-6.0,0.875
3,38,-6.0,-6.0,0.8375
3,39,-6.0,-6.0,0.925
3,40,-6.0,-6.0,0.8875
3,41,-6.0,-6.0,0.9
3,42,-6.0,-6.0,0.95
3,43,-6.0,-6.0,0.95
3,44,-6.0,-6.0,0.925
3,45,-6.0,-6.0,0.9
3,46,-6.0,-6.0,0.9375
3,47,-6.0,-6.0,0.925
3,48,-6.0,-6.0,0.8375
3,49,-6.0,-6.0,0.8875
3,50,-6.0,-6.0,0.925
3,51,-6.0,-6.0,0.8375
3,52,-6.0,-6.0,0.9625
3,53,-6.0,-6.0,0.95
3,54,-6.0,-6.0,0.8875
3,55,-6.0,-6.0,0.925
3,56,-6.0,-6.0,0.925
3,57,-6.0,-6.0,0.925
3,58,-6.0,-6.0,0.9125
3,59,-6.0,-6.0,0.9
3,60,-6.0,-6.0,0.9375
3,61,-6.0,-6.0,0.8875
3,62,-6.0,-6.0,0.925
3,63,-6.0,-6.0,0.9125
3,64,-6.0,-6.0,0.8875
3,65,-6.0,-6.0,0.925
3,66,-6.0,-6.0,0.925
3,67,-6.0,-6.0,0.9375
3,68,-6.0,-6.0,0.9375
3,69,-6.0,-6.0,0.925
3,70,-6.0,-6.0,0.8375
3,71,-6.0,-6.0,0.9
3,72,-6.0,-6.0,0.9125
3,73,-6.0,-6.0,0.9125
3,74,-6.0,-6.0,0.875
3,75,-6.0,-6.0,0.95
3,76,-6.0,-6.0,0.975
3,77,-6.0,-6.0,0.8875
3,78,-6.0,-6.0,0.9125
3,79,-6.0,-6.0,0.975
3,80,-6.0,-6.0,0.8875
3,81,-6.0,-6.0,0.9125
3,82,-6.0,-6.0,0.9375
3,83,-6.0,-6.0,0.9375
3,84,-6.0,-6.0,0.9375
3,85,-6.0,-6.0,0.8625
3,86,-6.0,-6.0,0.9375
3,87,-6.0,-6.0,0.9375
3,88,-6.0,-6.0,0.9625
3,89,-6.0,-6.0,0.9125
3,90,-6.0,-6.0,0.925
3,91,-6.0,-6.0,0.9
3,92,-6.0,-6.0,0.8875
3,93,-6.0,-6.0,0.9
3,94,-6.0,-6.0,0.9375
3,95,-6.0,-6.0,0.925
3,96,-6.0,-6.0,0.9625
3,97,-6.0,-6.0,0.85
3,98,-6.0,-6.0,0.8875
3,99,-6.0,-6.0,0.9
3,100,-6.0,-6.0,0.925
3,101,-6.0,-6.0,0.875
3,102,-6.0,-6.0,0.85
3,103,-6.0,-6.0,0.9
3,104,-6.0,-6.0,0.8875
3,105,-6.0,-6.0,0.8375
3,106,-6.0,-6.0,0.9125
3,107,-6.0,-6.0,0.8875
3,108,-6.0,-6.0,0.8625
3,109,-6.0,-6.0,0.9
3,110,-6.0,-6.0,0.9
3,111,-6.0,-6.0,0.9375
3,112,-6.0,-6.0,0.8875
3,113,-6.0,-6.0,0.9125
3,114,-6.0,-6.0,0.9125
3,115,-6.0,-6.0,0.875
3,116,-6.0,-6.0,0.925
3,117,-6.0,-6.0,0.9625
3,118,-6.0,-6.0,0.9
3,119,-6.0,-6.0,0.9625
3,120,-6.0,-6.0,0.8875
3,121,-6.0,-6.0,0.85
3,122,-6.0,-6.0,0.8875
3,123,-6.0,-6.0,0.9125
3,124,-6.0,-6.0,0.9375
3,125,-6.0,-6.0,0.9
3,126,-6.0,-6.0,0.875
3,127,-6.0,-6.0,0.8625
3,128,-6.0,-6.0,0.8625
3,129,-6.0,-6.0,0.9
3,130,-6.0,-6.0,0.9125
3,131,-6.0,-6.0,0.925
3,132,-6.0,-6.0,0.925
3,133,-6.0,-6.0,0.9
3,134,-6.0,-6.0,0.9
3,135,-6.0,-6.0,0.8625
3,136,-6.0,-6.0,0.9
3,137,-6.0,-6.0,0.8875
3,138,-6.0,-6.0,0.95
3,139,-6.0,-6.0,0.9125
3,140,-6.0,-6.0,0.925
3,141,-6.0,-6.0,0.8875
3,142,-6.0,-6.0,0.9125
3,143,-6.0,-6.0,0.9125
3,144,-6.0,-6.0,0.9625
3,145,-6.0,-6.0,0.95
3,146,-6.0,-6.0,0.95
3,147,-6.0,-6.0,0.9625
3,148,-6.0,-6.0,0.9
3,149,-6.0,-6.0,0.95
3,150,-6.0,-6.0,0.9
3,151,-6.0,-6.0,0.9125
3,152,-6.0,-6.0,0.8875
3,153,-6.0,-6.0,0.9125
3,154,-6.0,-6.0,0.9125
3,155,-6.0,-6.0,0.95
3,156,-6.0,-6.0,0.9375
3,157,-6.0,-6.0,0.9375
3,158,-6.0,-6.0,0.95
3,159,-6.0,-6.0,0.95
3,160,-6.0,-6.0,0.9125
3,161,-6.0,-6.0,0.925
3,162,-6.0,-6.0,0.9375
3,163,-6.0,-6.0,0.9
3,164,-6.0,-6.0,0.9625
3,165,-6.0,-6.0,0.925
3,166,-6.0,-6.0,0.8875
3,167,-6.0,-6.0,0.925
3,168,-6.0,-6.0,0.9125
3,169,-6.0,-6.0,0.9
3,170,-6.0,-6.0,0.8375
3,171,-6.0,-6.0,0.9
3,172,-6.0,-6.0,0.925
3,173,-6.0,-6.0,0.9625
3,174,-6.0,-6.0,0.9625
3,175,-6.0,-6.0,0.925
3,176,-6.0,-6.0,0.9375
3,177,-6.0,-6.0,0.95
3,178,-6.0,-6.0,0.8875
3,179,-6.0,-6.0,0.9
3,180,-6.0,-6.0,0.9
3,181,-6.0,-6.0,0.85
3,182,-6.0,-6.0,0.925
3,183,-6.0,-6.0,0.925
3,184,-6.0,-6.0,0.925
3,185,-6.0,-6.0,0.9625
3,186,-6.0,-6.0,0.9
3,187,-6.0,-6.0,0.95
3,188,-6.0,-6.0,0.925
3,189,-6.0,-6.0,0.9125
3,190,-6.0,-6.0,0.95
3,191,-6.0,-6.0,0.8625
3,192,-6.0,-6.0,0.875
3,193,-6.0,-6.0,0.9625
3,194,-6.0,-6.0,0.875
3,195,-6.0,-6.0,0.925
3,196,-6.0,-6.0,0.95
3,197,-6.0,-6.0,0.9125
3,198,-6.0,-6.0,0.9375
3,199,-6.0,-6.0,0.8875
3,200,-6.0,-6.0,0.9625
4,0,-5.979547897392435,-5.979547897392435,0.775
4,1,-5.9999521353231655,-5.9999521353231655,0.95
4,2,-6.0,-6.0,0.9125
4,3,-6.0,-6.0,0.95
4,4,-6.0,-6.0,0.8875
4,5,-6.0,-6.0,0.9
4,6,-6.0,-6.0,0.925
4,7,-6.0,-6.0,0.9125
4,8,-6.0,-6.0,0.9
4,9,-6.0,-6.0,0.95
4,10,-6.0,-6.0,0.9125
4,11,-6.0,-6.0,0.8625
4,12,-6.0,-6.0,0.8875
4,13,-6.0,-6.0,0.9625
4,14,-6.0,-6.0,0.9375
4,15,-6.0,-6.0,0.925
4,16,-6.0,-6.0,0.9375
4,17,-6.0,-6.0,0.925
4,18,-6.0,-6.0,0.9125
4,19,-6.0,-6.0,0.95
4,20,-6.0,-6.0,0.9375
4,21,-6.0,-6.0,0.8625
4,22,-6.0,-6.0,0.9375
4,23,-6.0,-6.0,0.925
4,24,-6.0,-6.0,0.9
4,25,-6.0,-6.0,0.8875
4,26,-6.0,-6.0,0.875
4,27,-6.0,-6.0,0.925
4,28,-6.0,-6.0,0.925
4,29,-6.0,-6.0,0.9625
4,30,-6.0,-6.0,0.95
4,31,-6.0,-6.0,0.9125
4,32,-6.0,-6.0,0.9125
4,33,-6.0,-6.0,0.9
4,34,-6.0,-6.0,0.9125
4,35,-6.0,-6.0,0.9375
4,36,-6.0,-6.0,0.9125
4,37,-6.0,-6.0,0.95
4,38,-6.0,-6.0,0.95
4,39,-6.0,-6.0,0.925
4,40,-6.0,-6.0,0.8625
4,41,-6.0,-6.0,0.8
4,42,-6.0,-6.0,0.9125
4,43,-6.0,-6.0,0.9125
4,44,-6.0,-6.0,0.8625
4,45,-6.0,-6.0,0.9
4,46,-6.0,-6.0,0.9125
4,47,-6.0,-6.0,0.875
4,48,-6.0,-6.0,0.9375
4,49,-6.0,-6.0,0.925
4,50,-6.0,-6.0,0.95
4,51,-6.0,-6.0,0.95
4,52,-6.0,-6.0,0.8875
4,53,-6.0,-6.0,0.9125
4,54,-6.0,-6.0,0.925
4,55,-6.0,-6.0,0.9
4,56,-6.0,-6.0,0.9625
4,57,-6.0,-6.0,0.875
4,58,-6.0,-6.0,0.9375
4,59,-6.0,-6.0,0.95
4,60,-6.0,-6.0,0.9125
4,61,-6.0,-6.0,0.8875
4,62,-6.0,-6.0,0.95
4,63,-6.0,-6.0,0.9125
4,64,-6.0,-6.0,0.9375
4,65,-6.0,-6.0,0.9375
4,66,-6.0,-6.0,0.9
4,67,-6.0,-6.0,0.9375
4,68,-6.0,-6.0,0.9375
4,69,-6.0,-6.0,0.9375
4,70,-6.0,-6.0,0.9375
4,71,-6.0,-6.0,0.9
4,72,-6.0,-6.0,0.9
4,73,-6.0,-6.0,0.8875
4,74,-6.0,-6.0,0.8625
4,75,-6.0,-6.0,0.8375
4,76,-6.0,-6.0,0.9
4,77,-6.0,-6.0,0.9
4,78,-6.0,-6.0,0.95
4,79,-6.0,-6.0,0.9
4,80,-6.0,-6.0,0.925
4,81,-6.0,-6.0,0.8625
4,82,-6.0,-6.0,0.8625
4,83,-6.0,-6.0,0.875
4,84,-6.0,-6.0,0.8875
4,85,-6.0,-6.0,0.925
4,86,-6.0,-6.0,0.9375
4,87,-6.0,-6.0,0.9375
4,88,-6.0,-6.0,0.95
4,89,-6.0,-6.0,0.9125
4,90,-6.0,-6.0,0.8625
4,91,-6.0,-6.0,0.9125
4,92,-6.0,-6.0,0.875
4,93,-6.0,-6.0,0.8875
4,94,-6.0,-6.0,0.9
4,95,-6.0,-6.0,0.9375
4,96,-6.0,-6.0,0.925
4,97,-6.0,-6.0,0.925
4,98,-6.0,-6.0,0.9
4,99,-6.0,-6.0,0.9
4,100,-6.0,-6.0,0.95
4,101,-6.0,-6.0,0.925
4,102,-6.0,-6.0,0.925
4,103,-6.0,-6.0,0.875
4,104,-6.0,-6.0,0.85
4,105,-6.0,-6.0,0.9
4,106,-6.0,-6.0,0.9125
4,107,-6.0,-6.0,0.9375
4,108,-6.0,-6.0,0.9875
4,109,-6.0,-6.0,0.9875
4,110,-6.0,-6.0,0.8625
4,111,-6.0,-6.0,0.925
4,112,-6.0,-6.0,0.875
4,113,-6.0,-6.0,0.925
4,114,-6.0,-6.0,0.9375
4,115,-6.0,-6.0,0.95
4,116,-6.0,-6.0,0.925
4,117,-6.0,-6.0,0.925
4,118,-6.0,-6.0,0.9
4,119,-6.0,-6.0,0.8875
4,120,-6.0,-6.0,0.9375
4,121,-6.0,-6.0,0.9
4,122,-6.0,-6.0,0.95
4,123,-6.0,-6.0,0.925
4,124,-6.0,-6.0,0.875
4,125,-6.0,-6.0,0.9375
4,126,-6.0,-6.0,0.95
4,127,-6.0,-6.0,0.825
4,128,-6.0,-6.0,0.9
4,129,-6.0,-6.0,0.9375
4,130,-6.0,-6.0,0.9125
4,131,-6.0,-6.0,0.9
4,132,-6.0,-6.0,0.8875
4,133,-6.0,-6.0,0.9
4,134,-6.0,-6.0,0.9375
4,135,-6.0,-6.0,0.9625
4,136,-6.0,-6.0,0.925
4,137,-6.0,-6.0,0.95
4,138,-6.0,-6.0,0.9125
4,139,-6.0,-6.0,0.875
4,140,-6.0,-6.0,0.8625
4,141,-6.0,-6.0,0.9375
4,142,-6.0,-6.0,0.975
4,143,-6.0,-6.0,0.8875
4,144,-6.0,-6.0,0.9125
4,145,-6.0,-6.0,0.925
4,146,-6.0,-6.0,0.8875
4,147,-6.0,-6.0,0.7875
4,148,-6.0,-6.0,0.9
4,149,-6.0,-6.0,0.925
4,150,-6.0,-6.0,0.9
4,151,-6.0,-6.0,0.9125
4,152,-6.0,-6.0,0.925
4,153,-6.0,-6.0,0.9625
4,154,-6.0,-6.0,0.9125
4,155,-6.0,-6.0,0.9375
4,156,-6.0,-6.0,0.95
4,157,-6.0,-6.0,0.9125
4,158,-6.0,-6.0,0.95
4,159,-6.0,-6.0,0.9
4,160,-6.0,-6.0,0.875
4,161,-6.0,-6.0,0.8875
4,162,-6.0,-6.0,0.925
4,163,-6.0,-6.0,0.8875
4,164,-6.0,-6.0,0.9375
4,165,-6.0,-6.0,0.9625
4,166,-6.0,-6.0,0.8375
4,167,-6.0,-6.0,0.9375
4,168,-6.0,-6.0,0.9
4,169,-6.0,-6.0,0.9375
4,170,-6.0,-6.0,0.95
4,171,-6.0,-6.0,0.9
4,172,-6.0,-6.0,0.9
4,173,-6.0,-6.0,0.8875
4,174,-6.0,-6.0,0.9125
4,175,-6.0,-6.0,0.9375
4,176,-6.0,-6.0,0.95
4,177,-6.0,-6.0,0.925
4,178,-6.0,-6.0,0.975
4,179,-6.0,-6.0,0.9
4,180,-6.0,-6.0,0.925
4,181,-6.0,-6.0,0.9125
4,182,-6.0,-6.0,0.95
4,183,-6.0,-6.0,0.9
4,184,-6.0,-6.0,0.9375
4,185,-6.0,-6.0,0.9125
4,186,-6.0,-6.0,0.9375
4,187,-6.0,-6.0,0.9
4,188,-6.0,-6.0,0.9125
4,189,-6.0,-6.0,0.875
4,190,-6.0,-6.0,0.9
4,191,-6.0,-6.0,0.9125
4,192,-6.0,-6.0,0.9125
4,193,-6.0,-6.0,0.95
4,194,-6.0,-6.0,0.925
4,195,-6.0,-6.0,0.95
4,196,-6.0,-6.0,0.8875
4,197,-6.0,-6.0,0.875
4,198,-6.0,-6.0,0.9625
4,199,-6.0,-6.0,0.9125
4,200,-6.0,-6.0,0.8625
5,0,-5.999801196480139,-5.999801196480139,0.7
5,1,-5.999801196480139,-5.999801196480139,0.9125
5,2,-6.0,-6.0,0.9125
5,3,-6.0,-6.0,0.875
5,4,-6.0,-6.0,0.9
5,5,-6.0,-6.0,0.7875
5,6,-6.0,-6.0,0.8625
5,7,-6.0,-6.0,0.8625
5,8,-6.0,-6.0,0.9125
5,9,-6.0,-6.0,0.925
5,10,-6.0,-6.0,0.9125
5,11,-6.0,-6.0,0.9125
5,12,-6.0,-6.0,0.9125
5,13,-6.0,-6.0,0.8875
5,14,-6.0,-6.0,0.9375
5,15,-6.0,-6.0,0.85
5,16,-6.0,-6.0,0.9375
5,17,-6.0,-6.0,0.9375
5,18,-6.0,-6.0,0.9
5,19,-6.0,-6.0,0.9
5,20,-6.0,-6.0,0.875
5,21,-6.0,-6.0,0.9125
5,22,-6.0,-6.0,0.8625
5,23,-6.0,-6.0,0.975
5,24,-6.0,-6.0,0.9375
5,25,-6.0,-6.0,0.9375
5,26,-6.0,-6.0,0.9125
5,27,-6.0,-6.0,0.9
5,28,-6.0,-6.0,0.8875
5,29,-6.0,-6.0,0.9375
5,30,-6.0,-6.0,0.8875
5,31,-6.0,-6.0,0.9125
5,32,-6.0,-6.0,0.875
5,33,-6.0,-6.0,0.8875
5,34,-6.0,-6.0,0.875
5,35,-6.0,-6.0,0.875
5,36,-6.0,-6.0,0.8875
5,37,-6.0,-6.0,0.9125
5,38,-6.0,-6.0,0.9625
5,39,-6.0,-6.0,0.975
5,40,-6.0,-6.0,0.925
5,41,-6.0,-6.0,0.9375
5,42,-6.0,-6.0,0.9125
5,43,-6.0,-6.0,0.9375
5,44,-6.0,-6.0,0.925
5,45,-6.0,-6.0,0.9375
5,46,-6.0,-6.0,0.925
5,47,-6.0,-6.0,0.975
5,48,-6.0,-6.0,0.9125
5,49,-6.0,-6.0,0.9625
5,50,-6.0,-6.0,0.875
5,51,-6.0,-6.0,0.8875
5,52,-6.0,-6.0,0.9
5,53,-6.0,-6.0,0.925
5,54,-6.0,-6.0,0.85
5,55,-6.0,-6.0,0.8375
5,56,-6.0,-6.0,0.9
5,57,-6.0,-6.0,0.8875
5,58,-6.0,-6.0,0.85
5,59,-6.0,-6.0,0.9
5,60,-6.0,-6.0,0.925
5,61,-6.0,-6.0,0.975
5,62,-6.0,-6.0,0.925
5,63,-6.0,-6.0,0.95
5,64,-6.0,-6.0,0.9375
5,65,-6.0,-6.0,0.8875
5,66,-6.0,-6.0,0.85
5,67,-6.0,-6.0,0.9375
5,68,-6.0,-6.0,0.875
5,69,-6.0,-6.0,0.9125
5,70,-6.0,-6.0,0.8875
5,71,-6.0,-6.0,0.8875
5,72,-6.0,-6.0,0.925
5,73,-6.0,-6.0,0.9125
5,74,-6.0,-6.0,0.95
5,75,-6.0,-6.0,0.95
5,76,-6.0,-6.0,0.9
5,77,-6.0,-6.0,0.9375
5,78,-6.0,-6.0,0.8875
5,79,-6.0,-6.0,0.925
5,80,-6.0,-6.0,0.95
5,81,-6.0,-6.0,0.9
5,82,-6.0,-6.0,0.9
5,83,-6.0,-6.0,0.925
5,84,-6.0,-6.0,0.9375
5,85,-6.0,-6.0,0.925
5,86,-6.0,-6.0,0.9125
5,87,-6.0,-6.0,0.875
5,88,-6.0,-6.0,0.95
5,89,-6.0,-6.0,0.8875
5,90,-6.0,-6.0,0.9625
5,91,-6.0,-6.0,0.875
5,92,-6.0,-6.0,0.8875
5,93,-6.0,-6.0,0.8625
5,94,-6.0,-6.0,0.8875
5,95,-6.0,-6.0,0.9375
5,96,-6.0,-6.0,0.9125
5,97,-6.0,-6.0,0.925
5,98,-6.0,-6.0,0.95
5,99,-6.0,-6.0,0.8875
5,100,-6.0,-6.0,0.875
5,101,-6.0,-6.0,0.9625
5,102,-6.0,-6.0,0.875
5,103,-6.0,-6.0,0.9125
5,104,-6.0,-6.0,0.8875
5,105,-6.0,-6.0,0.875
5,106,-6.0,-6.0,0.9125
5,107,-6.0,-6.0,0.95
5,108,-6.0,-6.0,0.925
5,109,-6.0,-6.0,0.925
5,110,-6.0,-6.0,0.9
5,111,-6.0,-6.0,0.9125
5,112,-6.0,-6.0,0.9375
5,113,-6.0,-6.0,0.8875
5,114,-6.0,-6.0,0.9
5,115,-6.0,-6.0,0.925
5,116,-6.0,-6.0,0.8375
5,117,-6.0,-6.0,0.875
5,118,-6.0,-6.0,0.9375
5,119,-6.0,-6.0,0.95
5,120,-6.0,-6.0,0.8625
5,121,-6.0,-6.0,0.9375
5,122,-6.0,-6.0,0.875
5,123,-6.0,-6.0,0.975
5,124,-6.0,-6.0,0.9
5,125,-6.0,-6.0,0.8625
5,126,-6.0,-6.0,0.9
5,127,-6.0,-6.0,0.9125
5,128,-6.0,-6.0,0.925
5,129,-6.0,-6.0,0.95
5,130,-6.0,-6.0,0.925
5,131,-6.0,-6.0,0.9375
5,132,-6.0,-6.0,0.95
5,133,-6.0,-6.0,0.9
5,134,-6.0,-6.0,0.9
5,135,-6.0,-6.0,0.9625
5,136,-6.0,-6.0,0.9375
5,137,-6.0,-6.0,0.9125
5,138,-6.0,-6.0,0.9125
5,139,-6.0,-6.0,0.925
5,140,-6.0,-6.0,0.9125
5,141,-6.0,-6.0,0.9625
5,142,-6.0,-6.0,0.9
5,143,-6.0,-6.0,0.9125
5,144,-6.0,-6.0,0.8875
5,145,-6.0,-6.0,0.9
5,146,-6.0,-6.0,0.875
5,147,-6.0,-6.0,0.85
5,148,-6.0,-6.0,0.95
5,149,-6.0,-6.0,0.8875
5,150,-6.0,-6.0,0.9375
5,151,-6.0,-6.0,0.8875
5,152,-6.0,-6.0,0.825
5,153,-6.0,-6.0,0.8875
5,154,-6.0,-6.0,0.9375
5,155,-6.0,-6.0,0.9125
5,156,-6.0,-6.0,0.9
5,157,-6.0,-6.0,0.9125
5,158,-6.0,-6.0,0.8625
5,159,-6.0,-6.0,0.9375
5,160,-6.0,-6.0,0.925
5,161,-6.0,-6.0,0.8625
5,162,-6.0,-6.0,0.9625
5,163,-6.0,-6.0,0.875
5,164,-6.0,-6.0,0.9125
5,165,-6.0,-6.0,0.9125
5,166,-6.0,-6.0,0.875
5,167,-6.0,-6.0,0.8875
5,168,-6.0,-6.0,0.9
5,169,-6.0,-6.0,0.9125
5,170,-6.0,-6.0,0.9375
5,171,-6.0,-6.0,0.9375
5,172,-6.0,-6.0,0.925
5,173,-6.0,-6.0,0.9375
5,174,-6.0,-6.0,0.9625
5,175,-6.0,-6.0,0.875
5,176,-6.0,-6.0,0.9375
5,177,-6.0,-6.0,0.95
5,178,-6.0,-6.0,0.85
5,179,-6.0,-6.0,0.975
5,180,-6.0,-6.0,0.9875
5,181,-6.0,-6.0,0.925
5,182,-6.0,-6.0,0.8875
5,183,-6.0,-6.0,0.925
5,184,-6.0,-6.0,0.9
5,185,-6.0,-6.0,0.875
5,186,-6.0,-6.0,0.9375
5,187,-6.0,-6.0,0.9
5,188,-6.0,-6.0,0.9
5,189,-6.0,-6.0,0.9
5,190,-6.0,-6.0,0.875
5,191,-6.0,-6.0,0.9
5,192,-6.0,-6.0,0.9375
5,193,-6.0,-6.0,0.8875
5,194,-6.0,-6.0,0.875
5,195,-6.0,-6.0,0.9
5,196,-6.0,-6.0,0.925
5,197,-6.0,-6.0,0.9375
5,198,-6.0,-6.0,0.975
5,199,-6.0,-6.0,0.9375
5,200,-6.0,-6.0,0.925
6,0,-5.9935691476334965,-5.9935691476334965,0.725
6,1,-5.999592356858914,-5.999592356858914,0.875
6,2,-5.999977741806406,-5.999977741806406,0.9125
6,3,-5.999998770391019,-5.999998770391019,0.8875
6,4,-6.0,-6.0,0.95
6,5,-6.0,-6.0,0.9125
6,6,-6.0,-6.0,0.85
6,7,-6.0,-6.0,0.925
6,8,-6.0,-6.0,0.9125
6,9,-6.0,-6.0,0.8625
6,10,-6.0,-6.0,0.8875
6,11,-6.0,-6.0,0.9
6,12,-6.0,-6.0,0.875
6,13,-6.0,-6.0,0.95
6,14,-6.0,-6.0,0.925
6,15,-6.0,-6.0,0.9375
6,16,-6.0,-6.0,0.975
6,17,-6.0,-6.0,0.9375
6,18,-6.0,-6.0,0.9625
6,19,-6.0,-6.0,0.9375
6,20,-6.0,-6.0,0.95
6,21,-6.0,-6.0,0.8875
6,22,-6.0,-6.0,0.8875
6,23,-6.0,-6.0,0.9625
6,24,-6.0,-6.0,0.95
6,25,-6.0,-6.0,0.8375
6,26,-6.0,-6.0,0.8875
6,27,-6.0,-6.0,0.9375
6,28,-6.0,-6.0,0.9625
6,29,-6.0,-6.0,0.9125
6,30,-6.0,-6.0,0.85
6,31,-6.0,-6.0,0.9125
6,32,-6.0,-6.0,0.9
6,33,-6.0,-6.0,0.9375
6,34,-6.0,-6.0,0.9375
6,35,-6.0,-6.0,0.9
6,36,-6.0,-6.0,0.9
6,37,-6.0,-6.0,0.925
6,38,-6.0,-6.0,0.8625
6,39,-6.0,-6.0,0.8875
6,40,-6.0,-6.0,0.9375
6,41,-6.0,-6.0,0.9125
6,42,-6.0,-6.0,0.925
6,43,-6.0,-6.0,0.925
6,44,-6.0,-6.0,0.9625
6,45,-6.0,-6.0,0.95
6,46,-6.0,-6.0,0.875
6,47,-6.0,-6.0,0.9625
6,48,-6.0,-6.0,0.9
6,49,-6.0,-6.0,0.9375
6,50,-6.0,-6.0,0.95
6,51,-6.0,-6.0,0.85
6,52,-6.0,-6.0,0.8125
6,53,-6.0,-6.0,0.9
6,54,-6.0,-6.0,0.925
6,55,-6.0,-6.0,0.9
6,56,-6.0,-6.0,0.9125
6,57,-6.0,-6.0,0.9
6,58,-6.0,-6.0,0.9125
6,59,-6.0,-6.0,0.975
6,60,-6.0,-6.0,0.925
6,61,-6.0,-6.0,0.9
6,62,-6.0,-6.0,0.975
6,63,-6.0,-6.0,0.925
6,64,-6.0,-6.0,0.9
6,65,-6.0,-6.0,0.925
6,66,-6.0,-6.0,0.925
6,67,-6.0,-6.0,0.8875
6,68,-6.0,-6.0,0.9
6,69,-6.0,-6.0,0.9125
6,70,-6.0,-6.0,0.9375
6,71,-6.0,-6.0,0.9625
6,72,-6.0,-6.0,0.9375
6,73,-6.0,-6.0,0.9625
6,74,-6.0,-6.0,0.9375
6,75,-6.0,-6.0,0.95
6,76,-6.0,-6.0,0.925
6,77,-6.0,-6.0,0.9125
6,78,-6.0,-6.0,0.9375
6,79,-6.0,-6.0,0.9
6,80,-6.0,-6.0,0.8875
6,81,-6.0,-6.0,0.925
6,82,-6.0,-6.0,0.8875
6,83,-6.0,-6.0,0.95
6,84,-6.0,-6.0,0.8875
6,85,-6.0,-6.0,0.95
6,86,-6.0,-6.0,0.9375
6,87,-6.0,-6.0,0.9375
6,88,-6.0,-6.0,0.9625
6,89,-6.0,-6.0,0.9375
6,90,-6.0,-6.0,0.9125
6,91,-6.0,-6.0,0.9125
6,92,-6.0,-6.0,0.925
6,93,-6.0,-6.0,0.8875
6,94,-6.0,-6.0,0.8875
6,95,-6.0,-6.0,0.9375
6,96,-6.0,-6.0,0.95
6,97,-6.0,-6.0,0.925
6,98,-6.0,-6.0,0.8875
6,99,-6.0,-6.0,0.9125
6,100,-6.0,-6.0,0.9125
6,101,-6.0,-6.0,0.95
6,102,-6.0,-6.0,0.9
6,103,-6.0,-6.0,0.9125
6,104,-6.0,-6.0,0.925
6,105,-6.0,-6.0,0.95
6,106,-6.0,-6.0,0.9
6,107,-6.0,-6.0,0.925
6,108,-6.0,-6.0,0.9375
6,109,-6.0,-6.0,0.9
6,110,-6.0,-6.0,0.9
6,111,-6.0,-6.0,0.8875
6,112,-6.0,-6.0,0.875
6,113,-6.0,-6.0,0.925
6,114,-6.0,-6.0,0.9125
6,115,-6.0,-6.0,0.9125
6,116,-6.0,-6.0,0.9
6,117,-6.0,-6.0,0.925
6,118,-6.0,-6.0,0.9375
6,119,-6.0,-6.0,0.95
6,120,-6.0,-6.0,0.9125
6,121,-6.0,-6.0,0.9125
6,122,-6.0,-6.0,0.9
6,123,-6.0,-6.0,0.925
6,124,-6.0,-6.0,0.8875
6,125,-6.0,-6.0,0.875
6,126,-6.0,-6.0,0.9
6,127,-6.0,-6.0,0.95
6,128,-6.0,-6.0,0.9125
6,129,-6.0,-6.0,0.9375
6,130,-6.0,-6.0,0.925
6,131,-6.0,-6.0,0.9375
6,132,-6.0,-6.0,0.875
6,133,-6.0,-6.0,0.9125
6,134,-6.0,-6.0,0.9375
6,135,-6.0,-6.0,0.925
6,136,-6.0,-6.0,0.9625
6,137,-6.0,-6.0,0.9
6,138,-6.0,-6.0,0.95
6,139,-6.0,-6.0,0.9125
6,140,-6.0,-6.0,0.9125
6,141,-6.0,-6.0,0.9125
6,142,-6.0,-6.0,0.9
6,143,-6.0,-6.0,0.9625
6,144,-6.0,-6.0,0.875
6,145,-6.0,-6.0,0.925
6,146,-6.0,-6.0,0.9125
6,147,-6.0,-6.0,0.9
6,148,-6.0,-6.0,0.925
6,149,-6.0,-6.0,0.875
6,150,-6.0,-6.0,0.95
6,151,-6.0,-6.0,0.875
6,152,-6.0,-6.0,0.9875
6,153,-6.0,-6.0,0.9125
6,154,-6.0,-6.0,0.9375
6,155,-6.0,-6.0,0.85
6,156,-6.0,-6.0,0.95
6,157,-6.0,-6.0,0.9375
6,158,-6.0,-6.0,0.8875
6,159,-6.0,-6.0,0.875
6,160,-6.0,-6.0,0.9375
6,161,-6.0,-6.0,0.9625
6,162,-6.0,-6.0,0.8875
6,163,-6.0,-6.0,0.9125
6,164,-6.0,-6.0,0.9125
6,165,-6.0,-6.0,0.9375
6,166,-6.0,-6.0,0.925
6,167,-6.0,-6.0,0.9375
6,168,-6.0,-6.0,0.925
6,169,-6.0,-6.0,0.875
6,170,-6.0,-6.0,0.9375
6,171,-6.0,-6.0,0.925
6,172,-6.0,-6.0,0.95
6,173,-6.0,-6.0,0.9125
6,174,-6.0,-6.0,0.9375
6,175,-6.0,-6.0,0.925
6,176,-6.0,-6.0,0.95
6,177,-6.0,-6.0,0.9125
6,178,-6.0,-6.0,0.9375
6,179,-6.0,-6.0,0.925
6,180,-6.0,-6.0,0.9125
6,181,-6.0,-6.0,0.9625
6,182,-6.0,-6.0,0.925
6,183,-6.0,-6.0,0.9125
6,184,-6.0,-6.0,0.9125
6,185,-6.0,-6.0,0.9125
6,186,-6.0,-6.0,0.9125
6,187,-6.0,-6.0,0.8875
6,188,-6.0,-6.0,0.8875
6,189,-6.0,-6.0,0.9375
6,190,-6.0,-6.0,0.9125
6,191,-6.0,-6.0,0.8625
6,192,-6.0,-6.0,0.8875
6,193,-6.0,-6.0,0.925
6,194,-6.0,-6.0,0.875
6,195,-6.0,-6.0,0.9125
6,196,-6.0,-6.0,0.8875
6,197,-6.0,-6.0,0.95
6,198,-6.0,-6.0,0.875
6,199,-6.0,-6.0,0.9625
6,200,-6.0,-6.0,0.9125
7,0,-5.999905918324532,-5.999905918324532,0.7
7,1,-5.99991384315187,-5.99991384315187,0.925
7,2,-5.999998639795118,-5.999998639795118,0.9125
7,3,-6.0,-6.0,0.925
7,4,-6.0,-6.0,0.9
7,5,-6.0,-6.0,0.9625
7,6,-6.0,-6.0,0.8875
7,7,-6.0,-6.0,0.8875
7,8,-6.0,-6.0,0.925
7,9,-6.0,-6.0,0.9125
7,10,-6.0,-6.0,0.975
7,11,-6.0,-6.0,0.9125
7,12,-6.0,-6.0,0.8875
7,13,-6.0,-6.0,0.9375
7,14,-6.0,-6.0,0.8875
7,15,-6.0,-6.0,0.925
7,16,-6.0,-6.0,0.9375
7,17,-6.0,-6.0,0.8875
7,18,-6.0,-6.0,0.925
7,19,-6.0,-6.0,0.875
7,20,-6.0,-6.0,0.875
7,21,-6.0,-6.0,0.9625
7,22,-6.0,-6.0,1.0
7,23,-6.0,-6.0,0.9125
7,24,-6.0,-6.0,0.9
7,25,-6.0,-6.0,0.825
7,26,-6.0,-6.0,0.8625
7,27,-6.0,-6.0,0.8625
7,28,-6.0,-6.0,0.9375
7,29,-6.0,-6.0,0.875
7,30,-6.0,-6.0,0.8875
7,31,-6.0,-6.0,0.8875
7,32,-6.0,-6.0,0.9
7,33,-6.0,-6.0,0.925
7,34,-6.0,-6.0,0.9375
7,35,-6.0,-6.0,0.9
7,36,-6.0,-6.0,0.9125
7,37,-6.0,-6.0,0.9125
7,38,-6.0,-6.0,0.9375
7,39,-6.0,-6.0,0.975
7,40,-6.0,-6.0,0.9625
7,41,-6.0,-6.0,0.9375
7,42,-6.0,-6.0,0.9125
7,43,-6.0,-6.0,0.9625
7,44,-6.0,-6.0,0.9375
7,45,-6.0,-6.0,0.95
7,46,-6.0,-6.0,0.9125
7,47,-6.0,-6.0,0.925
7,48,-6.0,-6.0,0.925
7,49,-6.0,-6.0,0.9625
7,50,-6.0,-6.0,0.9125
7,51,-6.0,-6.0,0.925
7,52,-6.0,-6.0,0.9375
7,53,-6.0,-6.0,0.9
7,54,-6.0,-6.0,0.925
7,55,-6.0,-6.0,0.9625
7,56,-6.0,-6.0,0.9625
7,57,-6.0,-6.0,0.9375
7,58,-6.0,-6.0,0.9
7,59,-6.0,-6.0,0.8875
7,60,-6.0,-6.0,0.875
7,61,-6.0,-6.0,0.95
7,62,-6.0,-6.0,0.9
7,63,-6.0,-6.0,0.9125
7,64,-6.0,-6.0,0.9
7,65,-6.0,-6.0,0.9125
7,66,-6.0,-6.0,0.9
7,67,-6.0,-6.0,0.9125
7,68,-6.0,-6.0,0.9
7,69,-6.0,-6.0,0.8875
7,70,-6.0,-6.0,0.925
7,71,-6.0,-6.0,0.9125
7,72,-6.0,-6.0,0.925
7,73,-6.0,-6.0,0.9125
7,74,-6.0,-6.0,0.925
7,75,-6.0,-6.0,0.8625
7,76,-6.0,-6.0,0.875
7,77,-6.0,-6.0,0.8875
7,78,-6.0,-6.0,0.8875
7,79,-6.0,-6.0,0.8875
7,80,-6.0,-6.0,0.925
7,81,-6.0,-6.0,0.9
7,82,-6.0,-6.0,0.825
7,83,-6.0,-6.0,0.9375
7,84,-6.0,-6.0,0.8875
7,85,-6.0,-6.0,0.9125
7,86,-6.0,-6.0,0.9125
7,87,-6.0,-6.0,0.925
7,88,-6.0,-6.0,0.9
7,89,-6.0,-6.0,0.925
7,90,-6.0,-6.0,0.925
7,91,-6.0,-6.0,0.95
7,92,-6.0,-6.0,0.9125
7,93,-6.0,-6.0,0.9625
7,94,-6.0,-6.0,0.8875
7,95,-6.0,-6.0,0.9125
7,96,-6.0,-6.0,0.875
7,97,-6.0,-6.0,0.9125
7,98,-6.0,-6.0,0.9
7,99,-6.0,-6.0,0.9
7,100,-6.0,-6.0,0.8125
7,101,-6.0,-6.0,0.9
7,102,-6.0,-6.0,0.925
7,103,-6.0,-6.0,0.925
7,104,-6.0,-6.0,0.925
7,105,-6.0,-6.0,0.9
7,106,-6.0,-6.0,0.9
7,107,-6.0,-6.0,0.875
7,108,-6.0,-6.0,0.875
7,109,-6.0,-6.0,0.8625
7,110,-6.0,-6.0,0.9625
7,111,-6.0,-6.0,0.925
7,112,-6.0,-6.0,0.9375
7,113,-6.0,-6.0,0.875
7,114,-6.0,-6.0,0.9625
7,115,-6.0,-6.0,0.8625
7,116,-6.0,-6.0,0.9
7,117,-6.0,-6.0,0.9375
7,118,-6.0,-6.0,0.9125
7,119,-6.0,-6.0,0.8875
7,120,-6.0,-6.0,0.8875
7,121,-6.0,-6.0,0.9375
7,122,-6.0,-6.0,0.825
7,123,-6.0,-6.0,0.9
7,124,-6.0,-6.0,0.95
7,125,-6.0,-6.0,1.0
7,126,-6.0,-6.0,0.95
7,127,-6.0,-6.0,0.8875
7,128,-6.0,-6.0,0.925
7,129,-6.0,-6.0,0.9125
7,130,-6.0,-6.0,0.925
7,131,-6.0,-6.0,0.925
7,132,-6.0,-6.0,0.9125
7,133,-6.0,-6.0,0.875
7,134,-6.0,-6.0,0.8875
7,135,-6.0,-6.0,0.925
7,136,-6.0,-6.0,0.8875
7,137,-6.0,-6.0,0.9
7,138,-6.0,-6.0,0.9
7,139,-6.0,-6.0,0.9
7,140,-6.0,-6.0,0.9875
7,141,-6.0,-6.0,0.9625
7,142,-6.0,-6.0,0.925
7,143,-6.0,-6.0,0.9125
7,144,-6.0,-6.0,0.925
7,145,-6.0,-6.0,0.95
7,146,-6.0,-6.0,0.8875
7,147,-6.0,-6.0,0.8625
7,148,-6.0,-6.0,0.8625
7,149,-6.0,-6.0,0.925
7,150,-6.0,-6.0,0.9375
7,151,-6.0,-6.0,0.8375
7,152,-6.0,-6.0,0.925
7,153,-6.0,-6.0,0.925
7,154,-6.0,-6.0,0.9
7,155,-6.0,-6.0,0.9625
7,156,-6.0,-6.0,0.9375
7,157,-6.0,-6.0,0.9375
7,158,-6.0,-6.0,0.9875
7,159,-6.0,-6.0,0.9375
7,160,-6.0,-6.0,0.925
7,161,-6.0,-6.0,0.925
7,162,-6.0,-6.0,0.925
7,163,-6.0,-6.0,0.875
7,164,-6.0,-6.0,0.9625
7,165,-6.0,-6.0,0.8625
7,166,-6.0,-6.0,0.9375
7,167,-6.0,-6.0,0.95
7,168,-6.0,-6.0,0.925
7,169,-6.0,-6.0,0.9125
7,170,-6.0,-6.0,0.875
7,171,-6.0,-6.0,0.8875
7,172,-6.0,-6.0,0.925
7,173,-6.0,-6.0,0.8875
7,174,-6.0,-6.0,0.9
7,175,-6.0,-6.0,0.8625
7,176,-6.0,-6.0,0.95
7,177,-6.0,-6.0,0.9375
7,178,-6.0,-6.0,0.8875
7,179,-6.0,-6.0,0.925
7,180,-6.0,-6.0,0.9375
7,181,-6.0,-6.0,0.9375
7,182,-6.0,-6.0,0.95
7,183,-6.0,-6.0,0.95
7,184,-6.0,-6.0,0.95
7,185,-6.0,-6.0,0.9125
7,186,-6.0,-6.0,0.9125
7,187,-6.0,-6.0,0.9
7,188,-6.0,-6.0,0.9375
7,189,-6.0,-6.0,0.95
7,190,-6.0,-6.0,0.8125
7,191,-6.0,-6.0,0.875
7,192,-6.0,-6.0,0.925
7,193,-6.0,-6.0,0.9125
7,194,-6.0,-6.0,0.85
7,195,-6.0,-6.0,0.8875
7,196,-6.0,-6.0,0.925
7,197,-6.0,-6.0,0.9125
7,198,-6.0,-6.0,0.8875
7,199,-6.0,-6.0,0.9125
7,200,-6.0,-6.0,0.8875
8,0,-5.98911441015413,-5.98911441015413,0.825
8,1,-5.999727571158734,-5.999727571158734,0.9375
8,2,-5.999961399820944,-5.999961399820944,0.9
8,3,-5.999999317665546,-5.999999317665546,0.9
8,4,-6.0,-6.0,0.8625
8,5,-6.0,-6.0,0.8875
8,6,-6.0,-6.0,0.9375
8,7,-6.0,-6.0,0.9375
8,8,-6.0,-6.0,0.9125
8,9,-6.0,-6.0,0.9375
8,10,-6.0,-6.0,0.9375
8,11,-6.0,-6.0,0.9
8,12,-6.0,-6.0,0.8875
8,13,-6.0,-6.0,0.875
8,14,-6.0,-6.0,0.8625
8,15,-6.0,-6.0,0.85
8,16,-6.0,-6.0,0.8875
8,17,-6.0,-6.0,0.875
8,18,-6.0,-6.0,0.9125
8,19,-6.0,-6.0,0.8875
8,20,-6.0,-6.0,0.9125
8,21,-6.0,-6.0,0.925
8,22,-6.0,-6.0,0.9
8,23,-6.0,-6.0,0.875
8,24,-6.0,-6.0,0.925
8,25,-6.0,-6.0,0.9375
8,26,-6.0,-6.0,0.9125
8,27,-6.0,-6.0,0.9375
8,28,-6.0,-6.0,0.95
8,29,-6.0,-6.0,0.9
8,30,-6.0,-6.0,0.875
8,31,-6.0,-6.0,0.8875
8,32,-6.0,-6.0,0.9125
8,33,-6.0,-6.0,0.925
8,34,-6.0,-6.0,0.9625
8,35,-6.0,-6.0,0.95
8,36,-6.0,-6.0,0.8375
8,37,-6.0,-6.0,0.9375
8,38,-6.0,-6.0,0.9
8,39,-6.0,-6.0,0.8875
8,40,-6.0,-6.0,0.95
8,41,-6.0,-6.0,0.9375
8,42,-6.0,-6.0,0.95
8,43,-6.0,-6.0,0.85
8,44,-6.0,-6.0,0.9125
8,45,-6.0,-6.0,0.925
8,46,-6.0,-6.0,0.8875
8,47,-6.0,-6.0,0.9
8,48,-6.0,-6.0,0.9125
8,49,-6.0,-6.0,0.85
8,50,-6.0,-6.0,0.925
8,51,-6.0,-6.0,0.925
8,52,-6.0,-6.0,0.975
8,53,-6.0,-6.0,0.9375
8,54,-6.0,-6.0,0.95
8,55,-6.0,-6.0,0.925
8,56,-6.0,-6.0,0.8875
8,57,-6.0,-6.0,0.9125
8,58,-6.0,-6.0,0.9125
8,59,-6.0,-6.0,0.9625
8,60,-6.0,-6.0,0.95
8,61,-6.0,-6.0,0.8875
8,62,-6.0,-6.0,0.825
8,63,-6.0,-6.0,0.9375
8,64,-6.0,-6.0,0.95
8,65,-6.0,-6.0,0.875
8,66,-6.0,-6.0,0.95
8,67,-6.0,-6.0,0.9625
8,68,-6.0,-6.0,0.9375
8,69,-6.0,-6.0,0.9
8,70,-6.0,-6.0,0.8875
8,71,-6.0,-6.0,0.8625
8,72,-6.0,-6.0,0.85
8,73,-6.0,-6.0,0.9
8,74,-6.0,-6.0,0.9625
8,75,-6.0,-6.0,0.85
8,76,-6.0,-6.0,0.9125
8,77,-6.0,-6.0,0.9625
8,78,-6.0,-6.0,0.9375
8,79,-6.0,-6.0,0.9625
8,80,-6.0,-6.0,0.9375
8,81,-6.0,-6.0,0.9125
8,82,-6.0,-6.0,0.9
8,83,-6.0,-6.0,0.8875
8,84,-6.0,-6.0,0.975
8,85,-6.0,-6.0,0.8875
8,86,-6.0,-6.0,0.95
8,87,-6.0,-6.0,0.925
8,88,-6.0,-6.0,0.8625
8,89,-6.0,-6.0,0.9
8,90,-6.0,-6.0,0.8625
8,91,-6.0,-6.0,0.9375
8,92,-6.0,-6.0,0.8875
8,93,-6.0,-6.0,0.875
8,94,-6.0,-6.0,0.9125
8,95,-6.0,-6.0,0.925
8,96,-6.0,-6.0,0.9125
8,97,-6.0,-6.0,0.9375
8,98,-6.0,-6.0,0.975
8,99,-6.0,-6.0,0.925
8,100,-6.0,-6.0,0.8875
8,101,-6.0,-6.0,0.925
8,102,-6.0,-6.0,0.9125
8,103,-6.0,-6.0,0.925
8,104,-6.0,-6.0,0.975
8,105,-6.0,-6.0,0.95
8,106,-6.0,-6.0,0.925
8,107,-6.0,-6.0,0.9375
8,108,-6.0,-6.0,0.9
8,109,-6.0,-6.0,0.8375
8,110,-6.0,-6.0,0.95
8,111,-6.0,-6.0,0.9375
8,112,-6.0,-6.0,0.95
8,113,-6.0,-6.0,0.9
8,114,-6.0,-6.0,0.925
8,115,-6.0,-6.0,0.925
8,116,-6.0,-6.0,0.9625
8,117,-6.0,-6.0,0.9
8,118,-6.0,-6.0,0.9125
8,119,-6.0,-6.0,0.9375
8,120,-6.0,-6.0,0.925
8,121,-6.0,-6.0,0.9625
8,122,-6.0,-6.0,0.925
8,123,-6.0,-6.0,0.9375
8,124,-6.0,-6.0,0.925
8,125,-6.0,-6.0,0.8875
8,126,-6.0,-6.0,0.9125
8,127,-6.0,-6.0,0.925
8,128,-6.0,-6.0,0.9375
8,129,-6.0,-6.0,0.925
8,130,-6.0,-6.0,0.9375
8,131,-6.0,-6.0,0.875
8,132,-6.0,-6.0,0.925
8,133,-6.0,-6.0,0.925
8,134,-6.0,-6.0,0.925
8,135,-6.0,-6.0,0.9
8,136,-6.0,-6.0,0.925
8,137,-6.0,-6.0,0.9375
8,138,-6.0,-6.0,0.95
8,139,-6.0,-6.0,0.9125
8,140,-6.0,-6.0,0.9125
8,141,-6.0,-6.0,0.95
8,142,-6.0,-6.0,0.8875
8,143,-6.0,-6.0,0.925
8,144,-6.0,-6.0,0.875
8,145,-6.0,-6.0,0.9375
8,146,-6.0,-6.0,0.925
8,147,-6.0,-6.0,0.925
8,148,-6.0,-6.0,0.8875
8,149,-6.0,-6.0,0.9125
8,150,-6.0,-6.0,0.9375
8,151,-6.0,-6.0,0.9
8,152,-6.0,-6.0,0.8875
8,153,-6.0,-6.0,0.875
8,154,-6.0,-6.0,0.925
8,155,-6.0,-6.0,0.8875
8,156,-6.0,-6.0,0.8875
8,157,-6.0,-6.0,0.95
8,158,-6.0,-6.0,0.9
8,159,-6.0,-6.0,0.9625
8,160,-6.0,-6.0,0.9125
8,161,-6.0,-6.0,0.875
8,162,-6.0,-6.0,0.8375
8,163,-6.0,-6.0,0.925
8,164,-6.0,-6.0,0.8625
8,165,-6.0,-6.0,0.875
8,166,-6.0,-6.0,0.875
8,167,-6.0,-6.0,0.9125
8,168,-6.0,-6.0,0.925
8,169,-6.0,-6.0,0.925
8,170,-6.0,-6.0,0.9375
8,171,-6.0,-6.0,0.9125
8,172,-6.0,-6.0,0.8625
8,173,-6.0,-6.0,0.925
8,174,-6.0,-6.0,0.9125
8,175,-6.0,-6.0,0.9125
8,176,-6.0,-6.0,0.875
8,177,-6.0,-6.0,0.9125
8,178,-6.0,-6.0,0.8875
8,179,-6.0,-6.0,0.925
8,180,-6.0,-6.0,0.8625
8,181,-6.0,-6.0,0.9
8,182,-6.0,-6.0,0.9125
8,183,-6.0,-6.0,0.9125
8,184,-6.0,-6.0,0.95
8,185,-6.0,-6.0,0.9
8,186,-6.0,-6.0,0.875
8,187,-6.0,-6.0,0.9375
8,188,-6.0,-6.0,0.9
8,189,-6.0,-6.0,0.925
8,190,-6.0,-6.0,0.8625
8,191,-6.0,-6.0,0.8875
8,192,-6.0,-6.0,0.875
8,193,-6.0,-6.0,0.8875
8,194,-6.0,-6.0,0.8875
8,195,-6.0,-6.0,0.9125
8,196,-6.0,-6.0,0.9125
8,197,-6.0,-6.0,0.925
8,198,-6.0,-6.0,0.8875
8,199,-6.0,-6.0,0.9375
8,200,-6.0,-6.0,0.875
9,0,-5.999083316045655,-5.999083316045655,0.875
9,1,-5.99988854517318,-5.99988854517318,0.925
9,2,-6.0,-6.0,0.8875
9,3,-6.0,-6.0,0.9125
9,4,-6.0,-6.0,0.9125
9,5,-6.0,-6.0,0.95
9,6,-6.0,-6.0,0.9625
9,7,-6.0,-6.0,0.925
9,8,-6.0,-6.0,0.8875
9,9,-6.0,-6.0,0.8875
9,10,-6.0,-6.0,0.9375
9,11,-6.0,-6.0,0.9
9,12,-6.0,-6.0,0.9875
9,13,-6.0,-6.0,0.925
9,14,-6.0,-6.0,0.975
9,15,-6.0,-6.0,0.95
9,16,-6.0,-6.0,0.95
9,17,-6.0,-6.0,0.8875
9,18,-6.0,-6.0,0.925
9,19,-6.0,-6.0,0.9125
9,20,-6.0,-6.0,0.8875
9,21,-6.0,-6.0,0.9125
9,22,-6.0,-6.0,0.8625
9,23,-6.0,-6.0,0.8875
9,24,-6.0,-6.0,0.8875
9,25,-6.0,-6.0,0.95
9,26,-6.0,-6.0,0.9375
9,27,-6.0,-6.0,0.925
9,28,-6.0,-6.0,0.8875
9,29,-6.0,-6.0,0.8625
9,30,-6.0,-6.0,0.8875
9,31,-6.0,-6.0,0.925
9,32,-6.0,-6.0,0.925
9,33,-6.0,-6.0,0.925
9,34,-6.0,-6.0,0.8875
9,35,-6.0,-6.0,0.95
9,36,-6.0,-6.0,0.925
9,37,-6.0,-6.0,0.975
9,38,-6.0,-6.0,0.9125
9,39,-6.0,-6.0,0.8875
9,40,-6.0,-6.0,0.95
9,41,-6.0,-6.0,0.9625
9,42,-6.0,-6.0,0.8625
9,43,-6.0,-6.0,0.9125
9,44,-6.0,-6.0,0.8625
9,45,-6.0,-6.0,0.9
9,46,-6.0,-6.0,0.8875
9,47,-6.0,-6.0,0.9375
9,48,-6.0,-6.0,0.8875
9,49,-6.0,-6.0,0.975
9,50,-6.0,-6.0,0.9375
9,51,-6.0,-6.0,0.9375
9,52,-6.0,-6.0,0.8875
9,53,-6.0,-6.0,0.9375
9,54,-6.0,-6.0,0.9375
9,55,-6.0,-6.0,0.9375
9,56,-6.0,-6.0,0.925
9,57,-6.0,-6.0,0.9125
9,58,-6.0,-6.0,0.8625
9,59,-6.0,-6.0,0.8375
9,60,-6.0,-6.0,0.925
9,61,-6.0,-6.0,0.9125
9,62,-6.0,-6.0,0.9125
9,63,-6.0,-6.0,0.8375
9,64,-6.0,-6.0,0.925
9,65,-6.0,-6.0,0.875
9,66,-6.0,-6.0,0.8875
9,67,-6.0,-6.0,0.9
9,68,-6.0,-6.0,0.925
9,69,-6.0,-6.0,0.8625
9,70,-6.0,-6.0,0.8625
9,71,-6.0,-6.0,0.85
9,72,-6.0,-6.0,0.8625
9,73,-6.0,-6.0,0.9
9,74,-6.0,-6.0,0.9125
9,75,-6.0,-6.0,0.9125
9,76,-6.0,-6.0,0.9
9,77,-6.0,-6.0,0.9
9,78,-6.0,-6.0,0.95
9,79,-6.0,-6.0,0.925
9,80,-6.0,-6.0,0.8625
9,81,-6.0,-6.0,0.9125
9,82,-6.0,-6.0,0.9375
9,83,-6.0,-6.0,0.9
9,84,-6.0,-6.0,0.925
9,85,-6.0,-6.0,0.925
9,86,-6.0,-6.0,0.9625
9,87,-6.0,-6.0,0.9125
9,88,-6.0,-6.0,0.9
9,89,-6.0,-6.0,0.9
9,90,-6.0,-6.0,0.8875
9,91,-6.0,-6.0,0.9
9,92,-6.0,-6.0,0.9
9,93,-6.0,-6.0,0.9125
9,94,-6.0,-6.0,0.9125
9,95,-6.0,-6.0,0.85
9,96,-6.0,-6.0,0.95
9,97,-6.0,-6.0,0.9125
9,98,-6.0,-6.0,0.9625
9,99,-6.0,-6.0,0.925
9,100,-6.0,-6.0,0.9
9,101,-6.0,-6.0,0.875
9,102,-6.0,-6.0,0.8875
9,103,-6.0,-6.0,0.8875
9,104,-6.0,-6.0,0.9
9,105,-6.0,-6.0,0.85
9,106,-6.0,-6.0,0.9
9,107,-6.0,-6.0,0.925
9,108,-6.0,-6.0,0.95
9,109,-6.0,-6.0,0.9375
9,110,-6.0,-6.0,0.875
9,111,-6.0,-6.0,0.925
9,112,-6.0,-6.0,0.975
9,113,-6.0,-6.0,0.925
9,114,-6.0,-6.0,0.8625
9,115,-6.0,-6.0,0.925
9,116,-6.0,-6.0,0.925
9,117,-6.0,-6.0,0.925
9,118,-6.0,-6.0,0.85
9,119,-6.0,-6.0,0.925
9,120,-6.0,-6.0,0.95
9,121,-6.0,-6.0,0.9375
9,122,-6.0,-6.0,0.9375
9,123,-6.0,-6.0,0.825
9,124,-6.0,-6.0,0.9
9,125,-6.0,-6.0,0.8875
9,126,-6.0,-6.0,0.925
9,127,-6.0,-6.0,0.95
9,128,-6.0,-6.0,0.8875
9,129,-6.0,-6.0,0.95
9,130,-6.0,-6.0,0.8625
9,131,-6.0,-6.0,0.95
9,132,-6.0,-6.0,0.925
9,133,-6.0,-6.0,0.9
9,134,-6.0,-6.0,0.8625
9,135,-6.0,-6.0,0.9375
9,136,-6.0,-6.0,0.9
9,137,-6.0,-6.0,0.975
9,138,-6.0,-6.0,0.9375
9,139,-6.0,-6.0,0.9
9,140,-6.0,-6.0,0.9125
9,141,-6.0,-6.0,0.875
9,142,-6.0,-6.0,0.875
9,143,-6.0,-6.0,0.85
9,144,-6.0,-6.0,0.85
9,145,-6.0,-6.0,0.875
9,146,-6.0,-6.0,0.9125
9,147,-6.0,-6.0,0.8875
9,148,-6.0,-6.0,0.85
9,149,-6.0,-6.0,0.9125
9,150,-6.0,-6.0,0.925
9,151,-6.0,-6.0,0.95
9,152,-6.0,-6.0,0.8625
9,153,-6.0,-6.0,0.925
9,154,-6.0,-6.0,0.9125
9,155,-6.0,-6.0,0.8875
9,156,-6.0,-6.0,0.9625
9,157,-6.0,-6.0,0.9625
9,158,-6.0,-6.0,0.8625
9,159,-6.0,-6.0,0.9375
9,160,-6.0,-6.0,0.8625
9,161,-6.0,-6.0,0.9125
9,162,-6.0,-6.0,0.8625
9,163,-6.0,-6.0,0.8375
9,164,-6.0,-6.0,0.9
9,165,-6.0,-6.0,0.9375
9,166,-6.0,-6.0,0.925
9,167,-6.0,-6.0,0.85
9,168,-6.0,-6.0,0.9
9,169,-6.0,-6.0,0.8875
9,170,-6.0,-6.0,0.8875
9,171,-6.0,-6.0,0.9
9,172,-6.0,-6.0,0.925
9,173,-6.0,-6.0,0.8625
9,174,-6.0,-6.0,0.9
9,175,-6.0,-6.0,0.9375
9,176,-6.0,-6.0,0.95
9,177,-6.0,-6.0,0.9375
9,178,-6.0,-6.0,0.9125
9,179,-6.0,-6.0,0.925
9,180,-6.0,-6.0,0.9375
9,181,-6.0,-6.0,0.8875
9,182,-6.0,-6.0,0.9125
9,183,-6.0,-6.0,0.9125
9,184,-6.0,-6.0,0.8875
9,185,-6.0,-6.0,0.9125
9,186,-6.0,-6.0,0.9125
9,187,-6.0,-6.0,0.8625
9,188,-6.0,-6.0,0.8875
9,189,-6.0,-6.0,0.9125
9,190,-6.0,-6.0,0.9125
9,191,-6.0,-6.0,0.9
9,192,-6.0,-6.0,0.8625
9,193,-6.0,-6.0,0.9
9,194,-6.0,-6.0,0.8875
9,195,-6.0,-6.0,0.925
9,196,-6.0,-6.0,0.9125
9,197,-6.0,-6.0,0.9375
9,198,-6.0,-6.0,0.925
9,199,-6.0,-6.0,0.9375
9,200,-6.0,-6.0,0.875
10,0,-5.999768939682146,-5.999768939682146,0.775
10,1,-6.0,-6.0,0.9375
10,2,-6.0,-6.0,0.9
10,3,-6.0,-6.0,0.9
10,4,-6.0,-6.0,0.8625
10,5,-6.0,-6.0,0.9375
10,6,-6.0,-6.0,0.875
10,7,-6.0,-6.0,0.925
10,8,-6.0,-6.0,0.9125
10,9,-6.0,-6.0,0.9125
10,10,-6.0,-6.0,0.9125
10,11,-6.0,-6.0,0.8625
10,12,-6.0,-6.0,0.95
10,13,-6.0,-6.0,0.9
10,14,-6.0,-6.0,0.875
10,15,-6.0,-6.0,0.8625
10,16,-6.0,-6.0,0.9625
10,17,-6.0,-6.0,0.8625
10,18,-6.0,-6.0,0.925
10,19,-6.0,-6.0,0.95
10,20,-6.0,-6.0,0.9375
10,21,-6.0,-6.0,0.825
10,22,-6.0,-6.0,0.875
10,23,-6.0,-6.0,0.925
10,24,-6.0,-6.0,0.9375
10,25,-6.0,-6.0,0.9375
10,26,-6.0,-6.0,0.8375
10,27,-6.0,-6.0,0.975
10,28,-6.0,-6.0,0.9
10,29,-6.0,-6.0,0.8875
10,30,-6.0,-6.0,0.9625
10,31,-6.0,-6.0,0.9125
10,32,-6.0,-6.0,0.9125
10,33,-6.0,-6.0,0.925
10,34,-6.0,-6.0,0.8875
10,35,-6.0,-6.0,0.875
10,36,-6.0,-6.0,0.9375
10,37,-6.0,-6.0,0.925
10,38,-6.0,-6.0,0.95
10,39,-6.0,-6.0,0.9125
10,40,-6.0,-6.0,0.9375
10,41,-6.0,-6.0,0.85
10,42,-6.0,-6.0,0.875
10,43,-6.0,-6.0,0.8625
10,44,-6.0,-6.0,0.875
10,45,-6.0,-6.0,0.95
10,46,-6.0,-6.0,0.85
10,47,-6.0,-6.0,0.8875
10,48,-6.0,-6.0,0.8875
10,49,-6.0,-6.0,0.9125
10,50,-6.0,-6.0,0.9375
10,51,-6.0,-6.0,0.9
10,52,-6.0,-6.0,0.925
10,53,-6.0,-6.0,0.9375
10,54,-6.0,-6.0,0.875
10,55,-6.0,-6.0,0.8875
10,56,-6.0,-6.0,0.9125
10,57,-6.0,-6.0,0.925
10,58,-6.0,-6.0,0.8375
10,59,-6.0,-6.0,0.8875
10,60,-6.0,-6.0,0.8125
10,61,-6.0,-6.0,0.8375
10,62,-6.0,-6.0,0.8875
10,63,-6.0,-6.0,0.925
10,64,-6.0,-6.0,0.925
10,65,-6.0,-6.0,0.9125
10,66,-6.0,-6.0,0.9625
10,67,-6.0,-6.0,0.95
10,68,-6.0,-6.0,0.9375
10,69,-6.0,-6.0,0.8875
10,70,-6.0,-6.0,0.875
10,71,-6.0,-6.0,0.95
10,72,-6.0,-6.0,0.925
10,73,-6.0,-6.0,0.9375
10,74,-6.0,-6.0,0.9125
10,75,-6.0,-6.0,0.925
10,76,-6.0,-6.0,0.925
10,77,-6.0,-6.0,0.8875
10,78,-6.0,-6.0,0.8875
10,79,-6.0,-6.0,0.85
10,80,-6.0,-6.0,0.9125
10,81,-6.0,-6.0,0.8625
10,82,-6.0,-6.0,0.9375
10,83,-6.0,-6.0,0.8875
10,84,-6.0,-6.0,0.925
10,85,-6.0,-6.0,0.925
10,86,-6.0,-6.0,0.9125
10,87,-6.0,-6.0,0.9375
10,88,-6.0,-6.0,0.9
10,89,-6.0,-6.0,0.875
10,90,-6.0,-6.0,0.9125
10,91,-6.0,-6.0,0.9
10,92,-6.0,-6.0,0.925
10,93,-6.0,-6.0,0.8875
10,94,-6.0,-6.0,0.9125
10,95,-6.0,-6.0,0.9625
10,96,-6.0,-6.0,0.9625
10,97,-6.0,-6.0,0.9125
10,98,-6.0,-6.0,0.9
10,99,-6.0,-6.0,0.975
10,100,-6.0,-6.0,0.95
10,101,-6.0,-6.0,0.925
10,102,-6.0,-6.0,0.95
10,103,-6.0,-6.0,0.95
10,104,-6.0,-6.0,0.95
10,105,-6.0,-6.0,0.85
10,106,-6.0,-6.0,0.9125
10,107,-6.0,-6.0,0.9625
10,108,-6.0,-6.0,0.95
10,109,-6.0,-6.0,0.8875
10,110,-6.0,-6.0,0.8625
10,111,-6.0,-6.0,0.875
10,112,-6.0,-6.0,0.925
10,113,-6.0,-6.0,0.9625
10,114,-6.0,-6.0,0.8625
10,115,-6.0,-6.0,0.9
10,116,-6.0,-6.0,0.9125
10,117,-6.0,-6.0,0.8625
10,118,-6.0,-6.0,0.925
10,119,-6.0,-6.0,0.925
10,120,-6.0,-6.0,0.9375
10,121,-6.0,-6.0,0.9125
10,122,-6.0,-6.0,0.9625
10,123,-6.0,-6.0,0.85
10,124,-6.0,-6.0,0.875
10,125,-6.0,-6.0,0.9375
10,126,-6.0,-6.0,0.95
10,127,-6.0,-6.0,0.9625
10,128,-6.0,-6.0,0.95
10,129,-6.0,-6.0,0.8625
10,130,-6.0,-6.0,0.85
10,131,-6.0,-6.0,0.8875
10,132,-6.0,-6.0,0.8375
10,133,-6.0,-6.0,0.8125
10,134,-6.0,-6.0,0.925
10,135,-6.0,-6.0,0.9
10,136,-6.0,-6.0,0.925
10,137,-6.0,-6.0,0.9375
10,138,-6.0,-6.0,0.9
10,139,-6.0,-6.0,0.9
10,140,-6.0,-6.0,0.9625
10,141,-6.0,-6.0,0.9375
10,142,-6.0,-6.0,0.8875
10,143,-6.0,-6.0,0.9625
10,144,-6.0,-6.0,0.975
10,145,-6.0,-6.0,0.8875
10,146,-6.0,-6.0,0.95
10,147,-6.0,-6.0,0.8875
10,148,-6.0,-6.0,0.9375
10,149,-6.0,-6.0,0.925
10,150,-6.0,-6.0,0.9125
10,151,-6.0,-6.0,0.9375
10,152,-6.0,-6.0,0.9625
10,153,-6.0,-6.0,0.875
10,154,-6.0,-6.0,0.8875
10,155,-6.0,-6.0,0.8625
10,156,-6.0,-6.0,0.9625
10,157,-6.0,-6.0,0.9125
10,158,-6.0,-6.0,0.925
10,159,-6.0,-6.0,0.95
10,160,-6.0,-6.0,0.9375
10,161,-6.0,-6.0,0.9625
10,162,-6.0,-6.0,0.9625
10,163,-6.0,-6.0,0.925
10,164,-6.0,-6.0,0.8875
10,165,-6.0,-6.0,0.925
10,166,-6.0,-6.0,0.8125
10,167,-6.0,-6.0,0.925
10,168,-6.0,-6.0,0.9125
10,169,-6.0,-6.0,0.9375
10,170,-6.0,-6.0,0.925
10,171,-6.0,-6.0,0.9375
10,172,-6.0,-6.0,0.9625
10,173,-6.0,-6.0,0.95
10,174,-6.0,-6.0,0.9
10,175,-6.0,-6.0,0.9375
10,176,-6.0,-6.0,0.9125
10,177,-6.0,-6.0,0.8875
10,178,-6.0,-6.0,0.9
10,179,-6.0,-6.0,0.8125
10,180,-6.0,-6.0,0.9375
10,181,-6.0,-6.0,0.9
10,182,-6.0,-6.0,0.9
10,183,-6.0,-6.0,0.9625
10,184,-6.0,-6.0,0.8875
10,185,-6.0,-6.0,0.8625
10,186,-6.0,-6.0,0.8875
10,187,-6.0,-6.0,0.9
10,188,-6.0,-6.0,0.925
10,189,-6.0,-6.0,0.95
10,190,-6.0,-6.0,0.875
10,191,-6.0,-6.0,0.95
10,192,-6.0,-6.0,0.9125
10,193,-6.0,-6.0,0.9
10,194,-6.0,-6.0,0.9375
10,195,-6.0,-6.0,0.9375
10,196,-6.0,-6.0,0.925
10,197,-6.0,-6.0,0.95
10,198,-6.0,-6.0,0.9625
10,199,-6.0,-6.0,0.9125
10,200,-6.0,-6.0,0.8875
11,0,-5.996682432759724,-5.996682432759724,0.7125
11,1,-5.999999878814894,-5.999999878814894,0.9625
11,2,-5.999999914544609,-5.999999914544609,0.9125
11,3,-6.0,-6.0,0.9375
11,4,-6.0,-6.0,0.925
11,5,-6.0,-6.0,0.9875
11,6,-6.0,-6.0,0.8875
11,7,-6.0,-6.0,0.8375
11,8,-6.0,-6.0,0.875
11,9,-6.0,-6.0,0.875
11,10,-6.0,-6.0,0.9375
11,11,-6.0,-6.0,0.975
11,12,-6.0,-6.0,0.95
11,13,-6.0,-6.0,0.95
11,14,-6.0,-6.0,0.9375
11,15,-6.0,-6.0,0.925
11,16,-6.0,-6.0,0.95
11,17,-6.0,-6.0,0.8875
11,18,-6.0,-6.0,0.9375
11,19,-6.0,-6.0,0.9625
11,20,-6.0,-6.0,0.925
11,21,-6.0,-6.0,0.9125
11,22,-6.0,-6.0,0.875
11,23,-6.0,-6.0,0.925
11,24,-6.0,-6.0,0.875
11,25,-6.0,-6.0,0.9
11,26,-6.0,-6.0,0.95
11,27,-6.0,-6.0,0.9375
11,28,-6.0,-6.0,0.9375
11,29,-6.0,-6.0,0.9375
11,30,-6.0,-6.0,0.9125
11,31,-6.0,-6.0,0.925
11,32,-6.0,-6.0,0.9375
11,33,-6.0,-6.0,0.9125
11,34,-6.0,-6.0,0.875
11,35,-6.0,-6.0,0.9625
11,36,-6.0,-6.0,0.9
11,37,-6.0,-6.0,0.925
11,38,-6.0,-6.0,0.9375
11,39,-6.0,-6.0,0.8875
11,40,-6.0,-6.0,0.925
11,41,-6.0,-6.0,0.875
11,42,-6.0,-6.0,0.8875
11,43,-6.0,-6.0,0.95
11,44,-6.0,-6.0,0.9625
11,45,-6.0,-6.0,0.9125
11,46,-6.0,-6.0,0.875
11,47,-6.0,-6.0,0.8875
11,48,-6.0,-6.0,0.9375
11,49,-6.0,-6.0,0.925
11,50,-6.0,-6.0,0.9375
11,51,-6.0,-6.0,0.9375
11,52,-6.0,-6.0,0.8625
11,53,-6.0,-6.0,0.925
11,54,-6.0,-6.0,0.925
11,55,-6.0,-6.0,0.9125
11,56,-6.0,-6.0,0.9125
11,57,-6.0,-6.0,0.95
11,58,-6.0,-6.0,0.9
11,59,-6.0,-6.0,0.9
11,60,-6.0,-6.0,0.9625
11,61,-6.0,-6.0,0.95
11,62,-6.0,-6.0,0.9
11,63,-6.0,-6.0,0.925
11,64,-6.0,-6.0,0.875
11,65,-6.0,-6.0,0.925
11,66,-6.0,-6.0,0.9125
11,67,-6.0,-6.0,0.925
11,68,-6.0,-6.0,0.9
11,69,-6.0,-6.0,0.9375
11,70,-6.0,-6.0,0.95
11,71,-6.0,-6.0,0.9125
11,72,-6.0,-6.0,0.85
11,73,-6.0,-6.0,0.9
11,74,-6.0,-6.0,0.925
11,75,-6.0,-6.0,0.8875
11,76,-6.0,-6.0,0.9375
11,77,-6.0,-6.0,0.875
11,78,-6.0,-6.0,0.8375
11,79,-6.0,-6.0,0.925
11,80,-6.0,-6.0,0.875
11,81,-6.0,-6.0,0.9
11,82,-6.0,-6.0,0.8875
11,83,-6.0,-6.0,0.95
11,84,-6.0,-6.0,0.9125
11,85,-6.0,-6.0,0.925
11,86,-6.0,-6.0,0.9125
11,87,-6.0,-6.0,0.9625
11,88,-6.0,-6.0,0.925
11,89,-6.0,-6.0,0.9375
11,90,-6.0,-6.0,0.9
11,91,-6.0,-6.0,0.8625
11,92,-6.0,-6.0,0.825
11,93,-6.0,-6.0,0.9125
11,94,-6.0,-6.0,0.925
11,95,-6.0,-6.0,0.875
11,96,-6.0,-6.0,0.9
11,97,-6.0,-6.0,0.9375
11,98,-6.0,-6.0,0.95
11,99,-6.0,-6.0,0.9375
11,100,-6.0,-6.0,0.9375
11,101,-6.0,-6.0,0.9375
11,102,-6.0,-6.0,0.85
11,103,-6.0,-6.0,0.925
11,104,-6.0,-6.0,0.8875
11,105,-6.0,-6.0,0.8875
11,106,-6.0,-6.0,0.95
11,107,-6.0,-6.0,0.9125
11,108,-6.0,-6.0,0.85
11,109,-6.0,-6.0,0.9
11,110,-6.0,-6.0,0.95
11,111,-6.0,-6.0,0.9375
11,112,-6.0,-6.0,0.8375
11,113,-6.0,-6.0,0.9375
11,114,-6.0,-6.0,0.9125
11,115,-6.0,-6.0,0.9125
11,116,-6.0,-6.0,0.8875
11,117,-6.0,-6.0,0.9125
11,118,-6.0,-6.0,0.9125
11,119,-6.0,-6.0,0.9
11,120,-6.0,-6.0,0.9375
11,121,-6.0,-6.0,0.8625
11,122,-6.0,-6.0,0.9125
11,123,-6.0,-6.0,0.9
11,124,-6.0,-6.0,0.8875
11,125,-6.0,-6.0,0.9125
11,126,-6.0,-6.0,0.9
11,127,-6.0,-6.0,0.95
11,128,-6.0,-6.0,0.9
11,129,-6.0,-6.0,0.8625
11,130,-6.0,-6.0,0.8875
11,131,-6.0,-6.0,0.925
11,132,-6.0,-6.0,0.95
11,133,-6.0,-6.0,0.925
11,134,-6.0,-6.0,0.8875
11,135,-6.0,-6.0,0.975
11,136,-6.0,-6.0,0.8875
11,137,-6.0,-6.0,0.8875
11,138,-6.0,-6.0,0.9625
11,139,-6.0,-6.0,0.95
11,140,-6.0,-6.0,0.9125
11,141,-6.0,-6.0,0.925
11,142,-6.0,-6.0,0.925
11,143,-6.0,-6.0,0.95
11,144,-6.0,-6.0,0.9
11,145,-6.0,-6.0,0.875
11,146,-6.0,-6.0,0.925
11,147,-6.0,-6.0,0.925
11,148,-6.0,-6.0,0.9
11,149,-6.0,-6.0,0.8375
11,150,-6.0,-6.0,0.825
11,151,-6.0,-6.0,0.9125
11,152,-6.0,-6.0,0.925
11,153,-6.0,-6.0,0.9
11,154,-6.0,-6.0,0.8875
11,155,-6.0,-6.0,0.9125
11,156,-6.0,-6.0,0.9125
11,157,-6.0,-6.0,0.9375
11,158,-6.0,-6.0,0.8875
11,159,-6.0,-6.0,0.875
11,160,-6.0,-6.0,0.875
11,161,-6.0,-6.0,0.85
11,162,-6.0,-6.0,0.875
11,163,-6.0,-6.0,0.9375
11,164,-6.0,-6.0,0.8875
11,165,-6.0,-6.0,0.95
11,166,-6.0,-6.0,0.9125
11,167,-6.0,-6.0,0.8875
11,168,-6.0,-6.0,0.8875
11,169,-6.0,-6.0,0.8625
11,170,-6.0,-6.0,0.8375
11,171,-6.0,-6.0,0.8625
11,172,-6.0,-6.0,0.9
11,173,-6.0,-6.0,0.9375
11,174,-6.0,-6.0,0.8875
11,175,-6.0,-6.0,0.9
11,176,-6.0,-6.0,0.9
11,177,-6.0,-6.0,0.8875
11,178,-6.0,-6.0,0.8875
11,179,-6.0,-6.0,0.9125
11,180,-6.0,-6.0,0.8625
11,181,-6.0,-6.0,0.9125
11,182,-6.0,-6.0,0.85
11,183,-6.0,-6.0,0.8875
11,184,-6.0,-6.0,0.925
11,185,-6.0,-6.0,0.925
11,186,-6.0,-6.0,0.8625
11,187,-6.0,-6.0,0.9125
11,188,-6.0,-6.0,0.9125
11,189,-6.0,-6.0,0.95
11,190,-6.0,-6.0,0.9375
11,191,-6.0,-6.0,0.925
11,192,-6.0,-6.0,0.8875
11,193,-6.0,-6.0,0.9125
11,194,-6.0,-6.0,0.9625
11,195,-6.0,-6.0,0.9125
11,196,-6.0,-6.0,0.9125
11,197,-6.0,-6.0,0.9375
11,198,-6.0,-6.0,0.9625
11,199,-6.0,-6.0,0.85
11,200,-6.0,-6.0,0.95
12,0,-5.99990856308982,-5.99990856308982,0.75
12,1,-5.9999999682232845,-5.9999999682232845,0.8875
12,2,-6.0,-6.0,0.95
12,3,-6.0,-6.0,0.9
12,4,-6.0,-6.0,0.8375
12,5,-6.0,-6.0,0.95
12,6,-6.0,-6.0,0.925
12,7,-6.0,-6.0,0.9
12,8,-6.0,-6.0,0.975
12,9,-6.0,-6.0,0.9375
12,10,-6.0,-6.0,0.8875
12,11,-6.0,-6.0,0.925
12,12,-6.0,-6.0,0.8375
12,13,-6.0,-6.0,0.9375
12,14,-6.0,-6.0,0.9375
12,15,-6.0,-6.0,0.9125
12,16,-6.0,-6.0,0.875
12,17,-6.0,-6.0,0.95
12,18,-6.0,-6.0,0.9125
12,19,-6.0,-6.0,0.95
12,20,-6.0,-6.0,0.9125
12,21,-6.0,-6.0,0.95
12,22,-6.0,-6.0,0.925
12,23,-6.0,-6.0,0.975
12,24,-6.0,-6.0,0.9375
12,25,-6.0,-6.0,0.9375
12,26,-6.0,-6.0,0.875
12,27,-6.0,-6.0,0.95
12,28,-6.0,-6.0,0.95
12,29,-6.0,-6.0,0.9375
12,30,-6.0,-6.0,0.85
12,31,-6.0,-6.0,0.9
12,32,-6.0,-6.0,0.95
12,33,-6.0,-6.0,0.9
12,34,-6.0,-6.0,0.9
12,35,-6.0,-6.0,0.9125
12,36,-6.0,-6.0,0.925
12,37,-6.0,-6.0,0.925
12,38,-6.0,-6.0,0.925
12,39,-6.0,-6.0,0.925
12,40,-6.0,-6.0,0.9625
12,41,-6.0,-6.0,0.925
12,42,-6.0,-6.0,0.95
12,43,-6.0,-6.0,0.95
12,44,-6.0,-6.0,0.9375
12,45,-6.0,-6.0,0.9
12,46,-6.0,-6.0,0.9
12,47,-6.0,-6.0,0.9125
12,48,-6.0,-6.0,0.925
12,49,-6.0,-6.0,0.9125
12,50,-6.0,-6.0,0.9125
12,51,-6.0,-6.0,0.925
12,52,-6.0,-6.0,0.85
12,53,-6.0,-6.0,0.9125
12,54,-6.0,-6.0,0.9
12,55,-6.0,-6.0,0.975
12,56,-6.0,-6.0,0.8625
12,57,-6.0,-6.0,0.9375
12,58,-6.0,-6.0,0.9375
12,59,-6.0,-6.0,0.9
12,60,-6.0,-6.0,0.9375
12,61,-6.0,-6.0,0.875
12,62,-6.0,-6.0,0.8875
12,63,-6.0,-6.0,0.9375
12,64,-6.0,-6.0,0.9125
12,65,-6.0,-6.0,0.9125
12,66,-6.0,-6.0,0.8875
12,67,-6.0,-6.0,0.85
12,68,-6.0,-6.0,0.925
12,69,-6.0,-6.0,0.925
12,70,-6.0,-6.0,0.9
12,71,-6.0,-6.0,0.925
12,72,-6.0,-6.0,0.9125
12,73,-6.0,-6.0,0.95
12,74,-6.0,-6.0,0.9125
12,75,-6.0,-6.0,0.8625
12,76,-6.0,-6.0,0.95
12,77,-6.0,-6.0,0.85
12,78,-6.0,-6.0,0.875
12,79,-6.0,-6.0,0.9
12,80,-6.0,-6.0,0.975
12,81,-6.0,-6.0,0.9125
12,82,-6.0,-6.0,0.9375
12,83,-6.0,-6.0,0.85
12,84,-6.0,-6.0,0.9125
12,85,-6.0,-6.0,0.95
12,86,-6.0,-6.0,0.9125
12,87,-6.0,-6.0,0.9
12,88,-6.0,-6.0,0.95
12,89,-6.0,-6.0,0.9
12,90,-6.0,-6.0,0.925
12,91,-6.0,-6.0,0.975
12,92,-6.0,-6.0,0.9125
12,93,-6.0,-6.0,0.875
12,94,-6.0,-6.0,0.9125
12,95,-6.0,-6.0,0.9
12,96,-6.0,-6.0,0.9
12,97,-6.0,-6.0,0.8625
12,98,-6.0,-6.0,0.9
12,99,-6.0,-6.0,0.9125
12,100,-6.0,-6.0,0.8625
12,101,-6.0,-6.0,0.9
12,102,-6.0,-6.0,0.9
12,103,-6.0,-6.0,0.9625
12,104,-6.0,-6.0,0.8375
12,105,-6.0,-6.0,0.925
12,106,-6.0,-6.0,0.9375
12,107,-6.0,-6.0,0.9125
12,108,-6.0,-6.0,0.9375
12,109,-6.0,-6.0,0.8875
12,110,-6.0,-6.0,0.85
12,111,-6.0,-6.0,0.9375
12,112,-6.0,-6.0,0.9
12,113,-6.0,-6.0,0.8875
12,114,-6.0,-6.0,0.9375
12,115,-6.0,-6.0,0.95
12,116,-6.0,-6.0,0.925
12,117,-6.0,-6.0,0.9
12,118,-6.0,-6.0,0.85
12,119,-6.0,-6.0,0.8875
12,120,-6.0,-6.0,0.975
12,121,-6.0,-6.0,0.9
12,122,-6.0,-6.0,0.8375
12,123,-6.0,-6.0,0.95
12,124,-6.0,-6.0,0.925
12,125,-6.0,-6.0,0.9
12,126,-6.0,-6.0,0.925
12,127,-6.0,-6.0,0.95
12,128,-6.0,-6.0,0.8875
12,129,-6.0,-6.0,0.8875
12,130,-6.0,-6.0,0.875
12,131,-6.0,-6.0,0.9
12,132,-6.0,-6.0,0.925
12,133,-6.0,-6.0,0.9625
12,134,-6.0,-6.0,0.875
12,135,-6.0,-6.0,0.9125
12,136,-6.0,-6.0,0.9375
12,137,-6.0,-6.0,0.925
12,138,-6.0,-6.0,0.925
12,139,-6.0,-6.0,0.925
12,140,-6.0,-6.0,0.8875
12,141,-6.0,-6.0,0.8375
12,142,-6.0,-6.0,0.925
12,143,-6.0,-6.0,0.925
12,144,-6.0,-6.0,0.95
12,145,-6.0,-6.0,0.925
12,146,-6.0,-6.0,0.925
12,147,-6.0,-6.0,0.9625
12,148,-6.0,-6.0,0.9375
12,149,-6.0,-6.0,0.8875
12,150,-6.0,-6.0,0.975
12,151,-6.0,-6.0,0.9
12,152,-6.0,-6.0,0.9625
12,153,-6.0,-6.0,0.925
12,154,-6.0,-6.0,0.875
12,155,-6.0,-6.0,0.85
12,156,-6.0,-6.0,0.9
12,157,-6.0,-6.0,0.9125
12,158,-6.0,-6.0,0.9
12,159,-6.0,-6.0,0.9625
12,160,-6.0,-6.0,0.925
12,161,-6.0,-6.0,0.9375
12,162,-6.0,-6.0,0.8875
12,163,-6.0,-6.0,0.8625
12,164,-6.0,-6.0,0.9125
12,165,-6.0,-6.0,0.875
12,166,-6.0,-6.0,0.8875
12,167,-6.0,-6.0,0.9
12,168,-6.0,-6.0,0.9
12,169,-6.0,-6.0,0.8625
12,170,-6.0,-6.0,0.925
12,171,-6.0,-6.0,0.875
12,172,-6.0,-6.0,0.8875
12,173,-6.0,-6.0,0.875
12,174,-6.0,-6.0,0.975
12,175,-6.0,-6.0,0.95
12,176,-6.0,-6.0,0.9375
12,177,-6.0,-6.0,0.9625
12,178,-6.0,-6.0,0.95
12,179,-6.0,-6.0,1.0
12,180,-6.0,-6.0,0.8875
12,181,-6.0,-6.0,0.8875
12,182,-6.0,-6.0,0.9125
12,183,-6.0,-6.0,0.95
12,184,-6.0,-6.0,0.8875
12,185,-6.0,-6.0,0.8875
12,186,-6.0,-6.0,0.8625
12,187,-6.0,-6.0,0.925
12,188,-6.0,-6.0,0.9
12,189,-6.0,-6.0,0.875
12,190,-6.0,-6.0,0.95
12,191,-6.0,-6.0,0.9125
12,192,-6.0,-6.0,0.9375
12,193,-6.0,-6.0,0.925
12,194,-6.0,-6.0,0.9375
12,195,-6.0,-6.0,0.8875
12,196,-6.0,-6.0,0.9
12,197,-6.0,-6.0,0.9125
12,198,-6.0,-6.0,0.9125
12,199,-6.0,-6.0,0.95
12,200,-6.0,-6.0,0.925
13,0,-5.999962483631299,-5.999962483631299,0.6875
13,1,-6.0,-6.0,0.875
13,2,-6.0,-6.0,0.8375
13,3,-6.0,-6.0,0.8625
13,4,-6.0,-6.0,0.9125
13,5,-6.0,-6.0,0.9375
13,6,-6.0,-6.0,0.9
13,7,-6.0,-6.0,0.9375
13,8,-6.0,-6.0,0.9125
13,9,-6.0,-6.0,0.9625
13,10,-6.0,-6.0,0.925
13,11,-6.0,-6.0,0.925
13,12,-6.0,-6.0,0.9625
13,13,-6.0,-6.0,0.9
13,14,-6.0,-6.0,0.875
13,15,-6.0,-6.0,0.95
13,16,-6.0,-6.0,1.0
13,17,-6.0,-6.0,0.925
13,18,-6.0,-6.0,0.8875
13,19,-6.0,-6.0,0.95
13,20,-6.0,-6.0,0.9125
13,21,-6.0,-6.0,0.875
13,22,-6.0,-6.0,0.9
13,23,-6.0,-6.0,0.9375
13,24,-6.0,-6.0,0.875
13,25,-6.0,-6.0,0.9125
13,26,-6.0,-6.0,0.9375
13,27,-6.0,-6.0,0.8875
13,28,-6.0,-6.0,0.9375
13,29,-6.0,-6.0,0.9125
13,30,-6.0,-6.0,0.9
13,31,-6.0,-6.0,0.9125
13,32,-6.0,-6.0,0.9625
13,33,-6.0,-6.0,0.9
13,34,-6.0,-6.0,0.9625
13,35,-6.0,-6.0,0.925
13,36,-6.0,-6.0,0.9375
13,37,-6.0,-6.0,0.9375
13,38,-6.0,-6.0,0.925
13,39,-6.0,-6.0,0.8625
13,40,-6.0,-6.0,0.9625
13,41,-6.0,-6.0,0.925
13,42,-6.0,-6.0,0.925
13,43,-6.0,-6.0,0.925
13,44,-6.0,-6.0,0.9625
13,45,-6.0,-6.0,0.925
13,46,-6.0,-6.0,0.9
13,47,-6.0,-6.0,0.9
13,48,-6.0,-6.0,0.9625
13,49,-6.0,-6.0,0.975
13,50,-6.0,-6.0,0.95
13,51,-6.0,-6.0,0.925
13,52,-6.0,-6.0,0.8375
13,53,-6.0,-6.0,0.9125
13,54,-6.0,-6.0,0.975
13,55,-6.0,-6.0,0.9625
13,56,-6.0,-6.0,0.9
13,57,-6.0,-6.0,0.875
13,58,-6.0,-6.0,0.9
13,59,-6.0,-6.0,0.9
13,60,-6.0,-6.0,0.8125
13,61,-6.0,-6.0,0.875
13,62,-6.0,-6.0,0.95
13,63,-6.0,-6.0,0.925
13,64,-6.0,-6.0,0.9
13,65,-6.0,-6.0,0.875
13,66,-6.0,-6.0,0.8875
13,67,-6.0,-6.0,0.9875
13,68,-6.0,-6.0,0.9
13,69,-6.0,-6.0,0.9125
13,70,-6.0,-6.0,0.95
13,71,-6.0,-6.0,0.85
13,72,-6.0,-6.0,0.925
13,73,-6.0,-6.0,0.9
13,74,-6.0,-6.0,0.9
13,75,-6.0,-6.0,0.9
13,76,-6.0,-6.0,0.9
13,77,-6.0,-6.0,0.9125
13,78,-6.0,-6.0,0.9375
13,79,-6.0,-6.0,0.95
13,80,-6.0,-6.0,0.9125
13,81,-6.0,-6.0,0.925
13,82,-6.0,-6.0,0.875
13,83,-6.0,-6.0,0.9
13,84,-6.0,-6.0,0.95
13,85,-6.0,-6.0,0.925
13,86,-6.0,-6.0,0.9375
13,87,-6.0,-6.0,0.9375
13,88,-6.0,-6.0,0.9125
13,89,-6.0,-6.0,0.85
13,90,-6.0,-6.0,0.775
13,91,-6.0,-6.0,0.8875
13,92,-6.0,-6.0,0.9125
13,93,-6.0,-6.0,0.875
13,94,-6.0,-6.0,0.875
13,95,-6.0,-6.0,0.8875
13,96,-6.0,-6.0,0.8875
13,97,-6.0,-6.0,0.875
13,98,-6.0,-6.0,0.8875
13,99,-6.0,-6.0,0.875
13,100,-6.0,-6.0,0.9125
13,101,-6.0,-6.0,0.9125
13,102,-6.0,-6.0,0.925
13,103,-6.0,-6.0,0.9
13,104,-6.0,-6.0,0.9
13,105,-6.0,-6.0,0.9375
13,106,-6.0,-6.0,0.9125
13,107,-6.0,-6.0,0.85
13,108,-6.0,-6.0,0.9125
13,109,-6.0,-6.0,0.9
13,110,-6.0,-6.0,0.9
13,111,-6.0,-6.0,0.9625
13,112,-6.0,-6.0,0.8625
13,113,-6.0,-6.0,0.875
13,114,-6.0,-6.0,0.9375
13,115,-6.0,-6.0,0.9
13,116,-6.0,-6.0,0.9
13,117,-6.0,-6.0,0.875
13,118,-6.0,-6.0,0.9125
13,119,-6.0,-6.0,0.95
13,120,-6.0,-6.0,0.8875
13,121,-6.0,-6.0,0.9375
13,122,-6.0,-6.0,0.925
13,123,-6.0,-6.0,0.925
13,124,-6.0,-6.0,0.85
13,125,-6.0,-6.0,0.9125
13,126,-6.0,-6.0,0.925
13,127,-6.0,-6.0,0.95
13,128,-6.0,-6.0,0.9125
13,129,-6.0,-6.0,0.9375
13,130,-6.0,-6.0,0.95
13,131,-6.0,-6.0,0.925
13,132,-6.0,-6.0,0.95
13,133,-6.0,-6.0,0.875
13,134,-6.0,-6.0,0.9375
13,135,-6.0,-6.0,0.9
13,136,-6.0,-6.0,0.875
13,137,-6.0,-6.0,0.875
13,138,-6.0,-6.0,0.8625
13,139,-6.0,-6.0,0.925
13,140,-6.0,-6.0,0.9375
13,141,-6.0,-6.0,0.9
13,142,-6.0,-6.0,0.9625
13,143,-6.0,-6.0,0.9375
13,144,-6.0,-6.0,0.8875
13,145,-6.0,-6.0,0.9125
13,146,-6.0,-6.0,0.85
13,147,-6.0,-6.0,0.95
13,148,-6.0,-6.0,0.925
13,149,-6.0,-6.0,0.8375
13,150,-6.0,-6.0,0.9125
13,151,-6.0,-6.0,0.975
13,152,-6.0,-6.0,0.9125
13,153,-6.0,-6.0,0.95
13,154,-6.0,-6.0,0.9125
13,155,-6.0,-6.0,0.9125
13,156,-6.0,-6.0,0.8875
13,157,-6.0,-6.0,0.9
13,158,-6.0,-6.0,0.9
13,159,-6.0,-6.0,0.9125
13,160,-6.0,-6.0,0.8375
13,161,-6.0,-6.0,0.95
13,162,-6.0,-6.0,0.875
13,163,-6.0,-6.0,0.925
13,164,-6.0,-6.0,0.8625
13,165,-6.0,-6.0,0.8375
13,166,-6.0,-6.0,0.9
13,167,-6.0,-6.0,0.8625
13,168,-6.0,-6.0,0.95
13,169,-6.0,-6.0,0.8625
13,170,-6.0,-6.0,0.9375
13,171,-6.0,-6.0,0.9125
13,172,-6.0,-6.0,0.95
13,173,-6.0,-6.0,0.975
13,174,-6.0,-6.0,0.95
13,175,-6.0,-6.0,0.9125
13,176,-6.0,-6.0,0.9125
13,177,-6.0,-6.0,0.875
13,178,-6.0,-6.0,0.9
13,179,-6.0,-6.0,0.9
13,180,-6.0,-6.0,0.8875
13,181,-6.0,-6.0,0.9125
13,182,-6.0,-6.0,0.9125
13,183,-6.0,-6.0,0.8875
13,184,-6.0,-6.0,0.8875
13,185,-6.0,-6.0,0.875
13,186,-6.0,-6.0,0.925
13,187,-6.0,-6.0,0.9
13,188,-6.0,-6.0,0.9125
13,189,-6.0,-6.0,0.925
13,190,-6.0,-6.0,0.9125
13,191,-6.0,-6.0,0.8875
13,192,-6.0,-6.0,0.775
13,193,-6.0,-6.0,0.8625
13,194,-6.0,-6.0,0.875
13,195,-6.0,-6.0,0.9125
13,196,-6.0,-6.0,0.875
13,197,-6.0,-6.0,0.925
13,198,-6.0,-6.0,0.8875
13,199,-6.0,-6.0,0.925
13,200,-6.0,-6.0,0.9625
14,0,-5.999983000622996,-5.999983000622996,0.7875
14,1,-6.0,-6.0,0.8875
14,2,-6.0,-6.0,0.825
14,3,-6.0,-6.0,0.9125
14,4,-6.0,-6.0,0.875
14,5,-6.0,-6.0,0.9375
14,6,-6.0,-6.0,0.95
14,7,-6.0,-6.0,0.95
14,8,-6.0,-6.0,0.925
14,9,-6.0,-6.0,0.925
14,10,-6.0,-6.0,0.8875
14,11,-6.0,-6.0,0.95
14,12,-6.0,-6.0,0.9375
14,13,-6.0,-6.0,0.95
14,14,-6.0,-6.0,0.925
14,15,-6.0,-6.0,0.9375
14,16,-6.0,-6.0,0.9
14,17,-6.0,-6.0,0.9375
14,18,-6.0,-6.0,0.9375
14,19,-6.0,-6.0,0.8875
14,20,-6.0,-6.0,0.8625
14,21,-6.0,-6.0,0.875
14,22,-6.0,-6.0,0.8625
14,23,-6.0,-6.0,0.85
14,24,-6.0,-6.0,0.925
14,25,-6.0,-6.0,0.95
14,26,-6.0,-6.0,0.925
14,27,-6.0,-6.0,0.9125
14,28,-6.0,-6.0,0.95
14,29,-6.0,-6.0,0.95
14,30,-6.0,-6.0,0.9125
14,31,-6.0,-6.0,0.9375
14,32,-6.0,-6.0,0.9125
14,33,-6.0,-6.0,0.875
14,34,-6.0,-6.0,0.875
14,35,-6.0,-6.0,0.875
14,36,-6.0,-6.0,0.875
14,37,-6.0,-6.0,0.8875
14,38,-6.0,-6.0,0.9125
14,39,-6.0,-6.0,0.925
14,40,-6.0,-6.0,0.9
14,41,-6.0,-6.0,0.875
14,42,-6.0,-6.0,0.8625
14,43,-6.0,-6.0,0.9375
14,44,-6.0,-6.0,0.95
14,45,-6.0,-6.0,0.85
14,46,-6.0,-6.0,0.925
14,47,-6.0,-6.0,0.9375
14,48,-6.0,-6.0,0.9625
14,49,-6.0,-6.0,0.95
14,50,-6.0,-6.0,0.925
14,51,-6.0,-6.0,0.9125
14,52,-6.0,-6.0,0.9
14,53,-6.0,-6.0,0.8875
14,54,-6.0,-6.0,0.8875
14,55,-6.0,-6.0,0.9625
14,56,-6.0,-6.0,0.9125
14,57,-6.0,-6.0,0.925
14,58,-6.0,-6.0,0.8625
14,59,-6.0,-6.0,0.9375
14,60,-6.0,-6.0,0.9
14,61,-6.0,-6.0,0.8375
14,62,-6.0,-6.0,0.9125
14,63,-6.0,-6.0,0.95
14,64,-6.0,-6.0,0.95
14,65,-6.0,-6.0,0.9375
14,66,-6.0,-6.0,0.95
14,67,-6.0,-6.0,0.9375
14,68,-6.0,-6.0,0.85
14,69,-6.0,-6.0,0.875
14,70,-6.0,-6.0,0.9
14,71,-6.0,-6.0,0.8875
14,72,-6.0,-6.0,0.9
14,73,-6.0,-6.0,0.875
14,74,-6.0,-6.0,0.925
14,75,-6.0,-6.0,0.9625
14,76,-6.0,-6.0,0.9375
14,77,-6.0,-6.0,0.9375
14,78,-6.0,-6.0,0.9375
14,79,-6.0,-6.0,0.9375
14,80,-6.0,-6.0,0.85
14,81,-6.0,-6.0,0.9
14,82,-6.0,-6.0,0.8625
14,83,-6.0,-6.0,0.9375
14,84,-6.0,-6.0,0.85
14,85,-6.0,-6.0,0.975
14,86,-6.0,-6.0,0.925
14,87,-6.0,-6.0,0.9125
14,88,-6.0,-6.0,0.85
14,89,-6.0,-6.0,0.9375
14,90,-6.0,-6.0,0.9
14,91,-6.0,-6.0,0.9125
14,92,-6.0,-6.0,0.95
14,93,-6.0,-6.0,0.925
14,94,-6.0,-6.0,0.925
14,95,-6.0,-6.0,0.9375
14,96,-6.0,-6.0,0.9125
14,97,-6.0,-6.0,0.875
14,98,-6.0,-6.0,0.9
14,99,-6.0,-6.0,0.9375
14,100,-6.0,-6.0,0.875
14,101,-6.0,-6.0,0.9625
14,102,-6.0,-6.0,0.9375
14,103,-6.0,-6.0,0.9625
14,104,-6.0,-6.0,0.9625
14,105,-6.0,-6.0,0.9375
14,106,-6.0,-6.0,0.95
14,107,-6.0,-6.0,0.85
14,108,-6.0,-6.0,0.925
14,109,-6.0,-6.0,0.9625
14,110,-6.0,-6.0,0.9375
14,111,-6.0,-6.0,0.85
14,112,-6.0,-6.0,0.95
14,113,-6.0,-6.0,0.9125
14,114,-6.0,-6.0,0.9375
14,115,-6.0,-6.0,0.8875
14,116,-6.0,-6.0,0.9125
14,117,-6.0,-6.0,0.9375
14,118,-6.0,-6.0,0.925
14,119,-6.0,-6.0,0.9
14,120,-6.0,-6.0,0.9375
14,121,-6.0,-6.0,0.875
14,122,-6.0,-6.0,0.925
14,123,-6.0,-6.0,0.9
14,124,-6.0,-6.0,0.925
14,125,-6.0,-6.0,0.9625
14,126,-6.0,-6.0,0.9125
14,127,-6.0,-6.0,0.9
14,128,-6.0,-6.0,0.8875
14,129,-6.0,-6.0,0.9
14,130,-6.0,-6.0,0.8875
14,131,-6.0,-6.0,0.95
14,132,-6.0,-6.0,0.9375
14,133,-6.0,-6.0,0.9625
14,134,-6.0,-6.0,0.9625
14,135,-6.0,-6.0,0.9125
14,136,-6.0,-6.0,0.8875
14,137,-6.0,-6.0,0.875
14,138,-6.0,-6.0,0.9
14,139,-6.0,-6.0,0.9625
14,140,-6.0,-6.0,0.8875
14,141,-6.0,-6.0,0.9125
14,142,-6.0,-6.0,0.95
14,143,-6.0,-6.0,0.925
14,144,-6.0,-6.0,0.9125
14,145,-6.0,-6.0,0.9375
14,146,-6.0,-6.0,0.9375
14,147,-6.0,-6.0,0.9
14,148,-6.0,-6.0,0.9
14,149,-6.0,-6.0,0.95
14,150,-6.0,-6.0,0.9125
14,151,-6.0,-6.0,0.9125
14,152,-6.0,-6.0,0.9
14,153,-6.0,-6.0,0.9375
14,154,-6.0,-6.0,0.875
14,155,-6.0,-6.0,0.925
14,156,-6.0,-6.0,0.925
14,157,-6.0,-6.0,0.95
14,158,-6.0,-6.0,0.8875
14,159,-6.0,-6.0,0.9125
14,160,-6.0,-6.0,0.9125
14,161,-6.0,-6.0,0.8625
14,162,-6.0,-6.0,0.9
14,163,-6.0,-6.0,0.9
14,164,-6.0,-6.0,0.9375
14,165,-6.0,-6.0,0.9125
14,166,-6.0,-6.0,0.9625
14,167,-6.0,-6.0,0.9375
14,168,-6.0,-6.0,0.9
14,169,-6.0,-6.0,0.925
14,170,-6.0,-6.0,0.9375
14,171,-6.0,-6.0,0.9625
14,172,-6.0,-6.0,0.9
14,173,-6.0,-6.0,0.9
14,174,-6.0,-6.0,0.9375
14,175,-6.0,-6.0,0.8875
14,176,-6.0,-6.0,0.9125
14,177,-6.0,-6.0,0.9375
14,178,-6.0,-6.0,0.9125
14,179,-6.0,-6.0,0.9375
14,180,-6.0,-6.0,0.9375
14,181,-6.0,-6.0,0.925
14,182,-6.0,-6.0,0.9125
14,183,-6.0,-6.0,0.95
14,184,-6.0,-6.0,0.875
14,185,-6.0,-6.0,0.9125
14,186,-6.0,-6.0,0.8875
14,187,-6.0,-6.0,0.8625
14,188,-6.0,-6.0,0.9125
14,189,-6.0,-6.0,0.9375
14,190,-6.0,-6.0,0.875
14,191,-6.0,-6.0,0.8875
14,192,-6.0,-6.0,0.9375
14,193,-6.0,-6.0,0.8375
14,194,-6.0,-6.0,0.9
14,195,-6.0,-6.0,0.9375
14,196,-6.0,-6.0,0.8875
14,197,-6.0,-6.0,0.8625
14,198,-6.0,-6.0,0.9875
14,199,-6.0,-6.0,0.9625
14,200,-6.0,-6.0,0.9125
15,0,-5.9998845588247445,-5.9998845588247445,0.7875
15,1,-6.0,-6.0,0.95
15,2,-6.0,-6.0,0.8
15,3,-6.0,-6.0,0.8125
15,4,-6.0,-6.0,0.9375
15,5,-6.0,-6.0,0.9
15,6,-6.0,-6.0,0.925
15,7,-6.0,-6.0,0.85
15,8,-6.0,-6.0,0.85
15,9,-6.0,-6.0,0.9
15,10,-6.0,-6.0,0.925
15,11,-6.0,-6.0,0.875
15,12,-6.0,-6.0,0.9
15,13,-6.0,-6.0,0.9125
15,14,-6.0,-6.0,0.9375
15,15,-6.0,-6.0,0.925
15,16,-6.0,-6.0,0.925
15,17,-6.0,-6.0,0.9625
15,18,-6.0,-6.0,0.925
15,19,-6.0,-6.0,0.9625
15,20,-6.0,-6.0,0.9
15,21,-6.0,-6.0,0.975
15,22,-6.0,-6.0,0.95
15,23,-6.0,-6.0,0.9125
15,24,-6.0,-6.0,0.925
15,25,-6.0,-6.0,0.9
15,26,-6.0,-6.0,0.8875
15,27,-6.0,-6.0,0.9375
15,28,-6.0,-6.0,0.8875
15,29,-6.0,-6.0,0.8875
15,30,-6.0,-6.0,0.9
15,31,-6.0,-6.0,0.8875
15,32,-6.0,-6.0,0.925
15,33,-6.0,-6.0,0.8125
15,34,-6.0,-6.0,0.875
15,35,-6.0,-6.0,0.9
15,36,-6.0,-6.0,0.9625
15,37,-6.0,-6.0,0.975
15,38,-6.0,-6.0,0.9125
15,39,-6.0,-6.0,0.925
15,40,-6.0,-6.0,0.9
15,41,-6.0,-6.0,0.9125
15,42,-6.0,-6.0,0.8875
15,43,-6.0,-6.0,0.9375
15,44,-6.0,-6.0,0.9375
15,45,-6.0,-6.0,0.875
15,46,-6.0,-6.0,0.875
15,47,-6.0,-6.0,0.9125
15,48,-6.0,-6.0,0.9
15,49,-6.0,-6.0,0.9375
15,50,-6.0,-6.0,0.95
15,51,-6.0,-6.0,0.9
15,52,-6.0,-6.0,0.95
15,53,-6.0,-6.0,0.8875
15,54,-6.0,-6.0,0.925
15,55,-6.0,-6.0,0.925
15,56,-6.0,-6.0,0.875
15,57,-6.0,-6.0,0.9
15,58,-6.0,-6.0,0.9125
15,59,-6.0,-6.0,0.9375
15,60,-6.0,-6.0,0.875
15,61,-6.0,-6.0,0.9125
15,62,-6.0,-6.0,0.925
15,63,-6.0,-6.0,0.9
15,64,-6.0,-6.0,0.9
15,65,-6.0,-6.0,0.925
15,66,-6.0,-6.0,0.9125
15,67,-6.0,-6.0,0.8625
15,68,-6.0,-6.0,0.8875
15,69,-6.0,-6.0,0.95
15,70,-6.0,-6.0,0.925
15,71,-6.0,-6.0,0.95
15,72,-6.0,-6.0,0.925
15,73,-6.0,-6.0,0.9375
15,74,-6.0,-6.0,0.95
15,75,-6.0,-6.0,0.8875
15,76,-6.0,-6.0,0.9125
15,77,-6.0,-6.0,0.9
15,78,-6.0,-6.0,0.9125
15,79,-6.0,-6.0,0.9375
15,80,-6.0,-6.0,0.9625
15,81,-6.0,-6.0,0.95
15,82,-6.0,-6.0,0.9125
15,83,-6.0,-6.0,0.8875
15,84,-6.0,-6.0,0.8625
15,85,-6.0,-6.0,0.9625
15,86,-6.0,-6.0,0.8875
15,87,-6.0,-6.0,0.875
15,88,-6.0,-6.0,0.9125
15,89,-6.0,-6.0,0.9
15,90,-6.0,-6.0,0.925
15,91,-6.0,-6.0,0.8875
15,92,-6.0,-6.0,0.925
15,93,-6.0,-6.0,0.9125
15,94,-6.0,-6.0,0.925
15,95,-6.0,-6.0,0.9
15,96,-6.0,-6.0,0.8875
15,97,-6.0,-6.0,0.925
15,98,-6.0,-6.0,0.9
15,99,-6.0,-6.0,0.9625
15,100,-6.0,-6.0,0.925
15,101,-6.0,-6.0,0.9375
15,102,-6.0,-6.0,0.925
15,103,-6.0,-6.0,0.9
15,104,-6.0,-6.0,0.9875
15,105,-6.0,-6.0,0.925
15,106,-6.0,-6.0,0.9125
15,107,-6.0,-6.0,0.9
15,108,-6.0,-6.0,0.9375
15,109,-6.0,-6.0,0.9125
15,110,-6.0,-6.0,0.8875
15,111,-6.0,-6.0,0.9375
15,112,-6.0,-6.0,0.9
15,113,-6.0,-6.0,0.9125
15,114,-6.0,-6.0,0.925
15,115,-6.0,-6.0,0.925
15,116,-6.0,-6.0,0.8875
15,117,-6.0,-6.0,0.9
15,118,-6.0,-6.0,0.9375
15,119,-6.0,-6.0,0.9125
15,120,-6.0,-6.0,0.9375
15,121,-6.0,-6.0,0.95
15,122,-6.0,-6.0,0.9375
15,123,-6.0,-6.0,0.9
15,124,-6.0,-6.0,0.9
15,125,-6.0,-6.0,0.925
15,126,-6.0,-6.0,0.95
15,127,-6.0,-6.0,0.9625
15,128,-6.0,-6.0,0.9375
15,129,-6.0,-6.0,0.9375
15,130,-6.0,-6.0,0.9
15,131,-6.0,-6.0,0.825
15,132,-6.0,-6.0,0.9
15,133,-6.0,-6.0,0.875
15,134,-6.0,-6.0,0.875
15,135,-6.0,-6.0,0.9375
15,136,-6.0,-6.0,0.9375
15,137,-6.0,-6.0,0.9
15,138,-6.0,-6.0,0.95
15,139,-6.0,-6.0,0.8875
15,140,-6.0,-6.0,0.8875
15,141,-6.0,-6.0,0.85
15,142,-6.0,-6.0,0.9125
15,143,-6.0,-6.0,0.95
15,144,-6.0,-6.0,0.9625
15,145,-6.0,-6.0,0.9375
15,146,-6.0,-6.0,0.8875
15,147,-6.0,-6.0,0.925
15,148,-6.0,-6.0,0.9375
15,149,-6.0,-6.0,0.875
15,150,-6.0,-6.0,0.9
15,151,-6.0,-6.0,0.8625
15,152,-6.0,-6.0,0.875
15,153,-6.0,-6.0,0.9125
15,154,-6.0,-6.0,0.9875
15,155,-6.0,-6.0,0.9
15,156,-6.0,-6.0,0.875
15,157,-6.0,-6.0,0.875
15,158,-6.0,-6.0,0.875
15,159,-6.0,-6.0,0.925
15,160,-6.0,-6.0,0.875
15,161,-6.0,-6.0,0.925
15,162,-6.0,-6.0,0.925
15,163,-6.0,-6.0,0.8625
15,164,-6.0,-6.0,0.9625
15,165,-6.0,-6.0,0.9625
15,166,-6.0,-6.0,0.925
15,167,-6.0,-6.0,0.8375
15,168,-6.0,-6.0,0.9125
15,169,-6.0,-6.0,0.9625
15,170,-6.0,-6.0,0.875
15,171,-6.0,-6.0,0.8375
15,172,-6.0,-6.0,0.875
15,173,-6.0,-6.0,0.8875
15,174,-6.0,-6.0,0.8625
15,175,-6.0,-6.0,0.9625
15,176,-6.0,-6.0,0.875
15,177,-6.0,-6.0,0.95
15,178,-6.0,-6.0,0.95
15,179,-6.0,-6.0,0.9375
15,180,-6.0,-6.0,0.9625
15,181,-6.0,-6.0,0.9375
15,182,-6.0,-6.0,0.9375
15,183,-6.0,-6.0,0.9125
15,184,-6.0,-6.0,0.925
15,185,-6.0,-6.0,0.8875
15,186,-6.0,-6.0,0.9375
15,187,-6.0,-6.0,0.9375
15,188,-6.0,-6.0,0.825
15,189,-6.0,-6.0,0.925
15,190,-6.0,-6.0,0.85
15,191,-6.0,-6.0,0.925
15,192,-6.0,-6.0,0.9
15,193,-6.0,-6.0,0.9125
15,194,-6.0,-6.0,0.9375
15,195,-6.0,-6.0,0.9375
15,196,-6.0,-6.0,0.9375
15,197,-6.0,-6.0,0.9
15,198,-6.0,-6.0,0.9
15,199,-6.0,-6.0,0.9
15,200,-6.0,-6.0,0.8875
16,0,-5.976375559244068,-5.976375559244068,0.7625
16,1,-5.999981368386008,-5.999981368386008,0.9125
16,2,-6.0,-6.0,0.9375
16,3,-6.0,-6.0,0.9125
16,4,-6.0,-6.0,0.9
16,5,-6.0,-6.0,0.8875
16,6,-6.0,-6.0,0.875
16,7,-6.0,-6.0,0.9
16,8,-6.0,-6.0,0.9125
16,9,-6.0,-6.0,0.9625
16,10,-6.0,-6.0,0.875
16,11,-6.0,-6.0,0.9125
16,12,-6.0,-6.0,0.875
16,13,-6.0,-6.0,0.9125
16,14,-6.0,-6.0,0.8875
16,15,-6.0,-6.0,0.875
16,16,-6.0,-6.0,0.925
16,17,-6.0,-6.0,0.9375
16,18,-6.0,-6.0,0.9125
16,19,-6.0,-6.0,0.95
16,20,-6.0,-6.0,0.9
16,21,-6.0,-6.0,0.9625
16,22,-6.0,-6.0,0.8875
16,23,-6.0,-6.0,0.9
16,24,-6.0,-6.0,0.95
16,25,-6.0,-6.0,0.8625
16,26,-6.0,-6.0,0.9
16,27,-6.0,-6.0,0.9
16,28,-6.0,-6.0,0.9125
16,29,-6.0,-6.0,0.8625
16,30,-6.0,-6.0,0.925
16,31,-6.0,-6.0,0.925
16,32,-6.0,-6.0,0.9
16,33,-6.0,-6.0,0.875
16,34,-6.0,-6.0,0.875
16,35,-6.0,-6.0,0.875
16,36,-6.0,-6.0,0.95
16,37,-6.0,-6.0,0.925
16,38,-6.0,-6.0,0.9
16,39,-6.0,-6.0,0.8875
16,40,-6.0,-6.0,0.925
16,41,-6.0,-6.0,0.875
16,42,-6.0,-6.0,0.875
16,43,-6.0,-6.0,0.9625
16,44,-6.0,-6.0,0.9125
16,45,-6.0,-6.0,0.9375
16,46,-6.0,-6.0,0.9375
16,47,-6.0,-6.0,0.875
16,48,-6.0,-6.0,0.875
16,49,-6.0,-6.0,0.9125
16,50,-6.0,-6.0,0.8875
16,51,-6.0,-6.0,0.8875
16,52,-6.0,-6.0,0.925
16,53,-6.0,-6.0,0.925
16,54,-6.0,-6.0,0.875
16,55,-6.0,-6.0,0.9125
16,56,-6.0,-6.0,0.775
16,57,-6.0,-6.0,0.8875
16,58,-6.0,-6.0,0.9
16,59,-6.0,-6.0,0.9
16,60,-6.0,-6.0,0.9375
16,61,-6.0,-6.0,0.8625
16,62,-6.0,-6.0,0.9125
16,63,-6.0,-6.0,0.9
16,64,-6.0,-6.0,0.9375
16,65,-6.0,-6.0,0.875
16,66,-6.0,-6.0,0.925
16,67,-6.0,-6.0,0.9125
16,68,-6.0,-6.0,0.9375
16,69,-6.0,-6.0,0.925
16,70,-6.0,-6.0,0.9
16,71,-6.0,-6.0,0.875
16,72,-6.0,-6.0,0.9625
16,73,-6.0,-6.0,0.9375
16,74,-6.0,-6.0,0.8875
16,75,-6.0,-6.0,0.9125
16,76,-6.0,-6.0,0.925
16,77,-6.0,-6.0,0.9625
16,78,-6.0,-6.0,0.875
16,79,-6.0,-6.0,0.9125
16,80,-6.0,-6.0,0.95
16,81,-6.0,-6.0,0.8875
16,82,-6.0,-6.0,0.9125
16,83,-6.0,-6.0,0.95
16,84,-6.0,-6.0,0.95
16,85,-6.0,-6.0,0.975
16,86,-6.0,-6.0,0.9125
16,87,-6.0,-6.0,0.875
16,88,-6.0,-6.0,0.925
16,89,-6.0,-6.0,0.9
16,90,-6.0,-6.0,0.9125
16,91,-6.0,-6.0,0.925
16,92,-6.0,-6.0,0.9
16,93,-6.0,-6.0,0.9375
16,94,-6.0,-6.0,0.8875
16,95,-6.0,-6.0,0.925
16,96,-6.0,-6.0,0.875
16,97,-6.0,-6.0,0.9375
16,98,-6.0,-6.0,0.9125
16,99,-6.0,-6.0,0.9
16,100,-6.0,-6.0,0.9375
16,101,-6.0,-6.0,0.925
16,102,-6.0,-6.0,0.925
16,103,-6.0,-6.0,0.9
16,104,-6.0,-6.0,0.875
16,105,-6.0,-6.0,0.8875
16,106,-6.0,-6.0,0.875
16,107,-6.0,-6.0,0.925
16,108,-6.0,-6.0,0.8875
16,109,-6.0,-6.0,0.875
16,110,-6.0,-6.0,0.9
16,111,-6.0,-6.0,0.8625
16,112,-6.0,-6.0,0.8875
16,113,-6.0,-6.0,0.925
16,114,-6.0,-6.0,0.9125
16,115,-6.0,-6.0,0.9375
16,116,-6.0,-6.0,0.8875
16,117,-6.0,-6.0,0.95
16,118,-6.0,-6.0,0.9125
16,119,-6.0,-6.0,0.9
16,120,-6.0,-6.0,0.925
16,121,-6.0,-6.0,0.925
16,122,-6.0,-6.0,0.9
16,123,-6.0,-6.0,0.9625
16,124,-6.0,-6.0,0.8875
16,125,-6.0,-6.0,0.9375
16,126,-6.0,-6.0,0.9125
16,127,-6.0,-6.0,0.8875
16,128,-6.0,-6.0,0.95
16,129,-6.0,-6.0,0.9625
16,130,-6.0,-6.0,0.925
16,131,-6.0,-6.0,0.925
16,132,-6.0,-6.0,0.9375
16,133,-6.0,-6.0,0.925
16,134,-6.0,-6.0,0.9125
16,135,-6.0,-6.0,0.8625
16,136,-6.0,-6.0,0.8875
16,137,-6.0,-6.0,0.9
16,138,-6.0,-6.0,0.9
16,139,-6.0,-6.0,0.875
16,140,-6.0,-6.0,0.925
16,141,-6.0,-6.0,0.85
16,142,-6.0,-6.0,0.9125
16,143,-6.0,-6.0,0.9
16,144,-6.0,-6.0,0.9375
16,145,-6.0,-6.0,0.9125
16,146,-6.0,-6.0,0.9375
16,147,-6.0,-6.0,0.95
16,148,-6.0,-6.0,0.9625
16,149,-6.0,-6.0,0.975
16,150,-6.0,-6.0,0.9375
16,151,-6.0,-6.0,0.9
16,152,-6.0,-6.0,0.9125
16,153,-6.0,-6.0,0.8625
16,154,-6.0,-6.0,0.925
16,155,-6.0,-6.0,0.9375
16,156,-6.0,-6.0,0.8875
16,157,-6.0,-6.0,0.975
16,158,-6.0,-6.0,0.875
16,159,-6.0,-6.0,0.9125
16,160,-6.0,-6.0,0.95
16,161,-6.0,-6.0,0.9
16,162,-6.0,-6.0,0.9375
16,163,-6.0,-6.0,0.9375
16,164,-6.0,-6.0,0.8875
16,165,-6.0,-6.0,0.9125
16,166,-6.0,-6.0,0.9125
16,167,-6.0,-6.0,0.9
16,168,-6.0,-6.0,0.8875
16,169,-6.0,-6.0,0.85
16,170,-6.0,-6.0,0.8375
16,171,-6.0,-6.0,0.875
16,172,-6.0,-6.0,0.9125
16,173,-6.0,-6.0,0.9375
16,174,-6.0,-6.0,0.925
16,175,-6.0,-6.0,0.9125
16,176,-6.0,-6.0,0.875
16,177,-6.0,-6.0,0.8875
16,178,-6.0,-6.0,0.95
16,179,-6.0,-6.0,0.925
16,180,-6.0,-6.0,0.875
16,181,-6.0,-6.0,0.975
16,182,-6.0,-6.0,0.9375
16,183,-6.0,-6.0,0.9125
16,184,-6.0,-6.0,0.95
16,185,-6.0,-6.0,0.9125
16,186,-6.0,-6.0,0.8375
16,187,-6.0,-6.0,0.875
16,188,-6.0,-6.0,0.8875
16,189,-6.0,-6.0,0.875
16,190,-6.0,-6.0,0.875
16,191,-6.0,-6.0,0.875
16,192,-6.0,-6.0,0.8375
16,193,-6.0,-6.0,0.9375
16,194,-6.0,-6.0,0.8375
16,195,-6.0,-6.0,0.8625
16,196,-6.0,-6.0,0.875
16,197,-6.0,-6.0,0.9125
16,198,-6.0,-6.0,0.8625
16,199,-6.0,-6.0,0.925
16,200,-6.0,-6.0,0.9125
17,0,-5.999897011430325,-5.999897011430325,0.7625
17,1,-6.0,-6.0,0.9
17,2,-6.0,-6.0,0.9
17,3,-6.0,-6.0,0.875
17,4,-6.0,-6.0,0.875
17,5,-6.0,-6.0,0.9
17,6,-6.0,-6.0,0.8875
17,7,-6.0,-6.0,0.925
17,8,-6.0,-6.0,0.85
17,9,-6.0,-6.0,0.925
17,10,-6.0,-6.0,0.9125
17,11,-6.0,-6.0,0.8625
17,12,-6.0,-6.0,0.8875
17,13,-6.0,-6.0,0.9125
17,14,-6.0,-6.0,0.875
17,15,-6.0,-6.0,0.8625
17,16,-6.0,-6.0,0.875
17,17,-6.0,-6.0,0.9375
17,18,-6.0,-6.0,0.9375
17,19,-6.0,-6.0,0.9375
17,20,-6.0,-6.0,0.925
17,21,-6.0,-6.0,0.975
17,22,-6.0,-6.0,0.8625
17,23,-6.0,-6.0,0.8875
17,24,-6.0,-6.0,0.925
17,25,-6.0,-6.0,0.9125
17,26,-6.0,-6.0,0.9
17,27,-6.0,-6.0,0.925
17,28,-6.0,-6.0,0.9
17,29,-6.0,-6.0,0.9125
17,30,-6.0,-6.0,0.9125
17,31,-6.0,-6.0,0.9125
17,32,-6.0,-6.0,0.9375
17,33,-6.0,-6.0,0.9125
17,34,-6.0,-6.0,0.925
17,35,-6.0,-6.0,0.825
17,36,-6.0,-6.0,0.925
17,37,-6.0,-6.0,0.9
17,38,-6.0,-6.0,0.95
17,39,-6.0,-6.0,0.925
17,40,-6.0,-6.0,0.9
17,41,-6.0,-6.0,0.9
17,42,-6.0,-6.0,0.875
17,43,-6.0,-6.0,0.925
17,44,-6.0,-6.0,0.95
17,45,-6.0,-6.0,0.925
17,46,-6.0,-6.0,0.9125
17,47,-6.0,-6.0,0.9
17,48,-6.0,-6.0,0.925
17,49,-6.0,-6.0,0.9125
17,50,-6.0,-6.0,0.95
17,51,-6.0,-6.0,0.9625
17,52,-6.0,-6.0,0.8875
17,53,-6.0,-6.0,0.8
17,54,-6.0,-6.0,0.9625
17,55,-6.0,-6.0,0.9375
17,56,-6.0,-6.0,0.9125
17,57,-6.0,-6.0,0.9
17,58,-6.0,-6.0,0.9125
17,59,-6.0,-6.0,0.9
17,60,-6.0,-6.0,0.8
17,61,-6.0,-6.0,0.925
17,62,-6.0,-6.0,0.9625
17,63,-6.0,-6.0,0.95
17,64,-6.0,-6.0,0.925
17,65,-6.0,-6.0,0.9
17,66,-6.0,-6.0,0.9125
17,67,-6.0,-6.0,0.8625
17,68,-6.0,-6.0,0.9
17,69,-6.0,-6.0,0.9375
17,70,-6.0,-6.0,0.9625
17,71,-6.0,-6.0,0.9125
17,72,-6.0,-6.0,0.9
17,73,-6.0,-6.0,0.9375
17,74,-6.0,-6.0,0.925
17,75,-6.0,-6.0,0.9375
17,76,-6.0,-6.0,0.925
17,77,-6.0,-6.0,0.925
17,78,-6.0,-6.0,0.925
17,79,-6.0,-6.0,0.925
17,80,-6.0,-6.0,0.925
17,81,-6.0,-6.0,0.875
17,82,-6.0,-6.0,0.875
17,83,-6.0,-6.0,0.9125
17,84,-6.0,-6.0,0.8875
17,85,-6.0,-6.0,0.9625
17,86,-6.0,-6.0,0.875
17,87,-6.0,-6.0,0.9375
17,88,-6.0,-6.0,0.95
17,89,-6.0,-6.0,0.9375
17,90,-6.0,-6.0,0.875
17,91,-6.0,-6.0,0.8875
17,92,-6.0,-6.0,0.9
17,93,-6.0,-6.0,0.925
17,94,-6.0,-6.0,0.9125
17,95,-6.0,-6.0,0.8875
17,96,-6.0,-6.0,0.925
17,97,-6.0,-6.0,0.95
17,98,-6.0,-6.0,0.9625
17,99,-6.0,-6.0,0.95
17,100,-6.0,-6.0,0.875
17,101,-6.0,-6.0,0.875
17,102,-6.0,-6.0,0.9125
17,103,-6.0,-6.0,0.875
17,104,-6.0,-6.0,0.9
17,105,-6.0,-6.0,0.9
17,106,-6.0,-6.0,0.8875
17,107,-6.0,-6.0,0.875
17,108,-6.0,-6.0,0.9125
17,109,-6.0,-6.0,0.9375
17,110,-6.0,-6.0,0.925
17,111,-6.0,-6.0,0.9
17,112,-6.0,-6.0,0.95
17,113,-6.0,-6.0,0.9
17,114,-6.0,-6.0,0.9
17,115,-6.0,-6.0,0.95
17,116,-6.0,-6.0,0.9125
17,117,-6.0,-6.0,0.9
17,118,-6.0,-6.0,0.95
17,119,-6.0,-6.0,0.875
17,120,-6.0,-6.0,0.9
17,121,-6.0,-6.0,0.9
17,122,-6.0,-6.0,0.9125
17,123,-6.0,-6.0,0.875
17,124,-6.0,-6.0,0.9125
17,125,-6.0,-6.0,0.85
17,126,-6.0,-6.0,0.9
17,127,-6.0,-6.0,0.95
17,128,-6.0,-6.0,0.95
17,129,-6.0,-6.0,0.925
17,130,-6.0,-6.0,0.9375
17,131,-6.0,-6.0,0.95
17,132,-6.0,-6.0,0.925
17,133,-6.0,-6.0,0.8875
17,134,-6.0,-6.0,0.8125
17,135,-6.0,-6.0,0.95
17,136,-6.0,-6.0,0.875
17,137,-6.0,-6.0,0.925
17,138,-6.0,-6.0,0.85
17,139,-6.0,-6.0,0.8875
17,140,-6.0,-6.0,0.9125
17,141,-6.0,-6.0,0.9375
17,142,-6.0,-6.0,0.9125
17,143,-6.0,-6.0,0.9125
17,144,-6.0,-6.0,0.875
17,145,-6.0,-6.0,0.8875
17,146,-6.0,-6.0,0.925
17,147,-6.0,-6.0,0.925
17,148,-6.0,-6.0,0.9125
17,149,-6.0,-6.0,0.8875
17,150,-6.0,-6.0,0.875
17,151,-6.0,-6.0,0.8625
17,152,-6.0,-6.0,0.9375
17,153,-6.0,-6.0,0.95
17,154,-6.0,-6.0,0.925
17,155,-6.0,-6.0,0.9125
17,156,-6.0,-6.0,0.9
17,157,-6.0,-6.0,0.9375
17,158,-6.0,-6.0,0.9125
17,159,-6.0,-6.0,0.9
17,160,-6.0,-6.0,0.8875
17,161,-6.0,-6.0,0.8875
17,162,-6.0,-6.0,0.9125
17,163,-6.0,-6.0,0.9
17,164,-6.0,-6.0,0.8875
17,165,-6.0,-6.0,0.9
17,166,-6.0,-6.0,0.8625
17,167,-6.0,-6.0,0.95
17,168,-6.0,-6.0,0.9375
17,169,-6.0,-6.0,0.925
17,170,-6.0,-6.0,0.9625
17,171,-6.0,-6.0,0.925
17,172,-6.0,-6.0,0.9125
17,173,-6.0,-6.0,0.9
17,174,-6.0,-6.0,0.8625
17,175,-6.0,-6.0,0.9
17,176,-6.0,-6.0,0.9375
17,177,-6.0,-6.0,0.85
17,178,-6.0,-6.0,0.9
17,179,-6.0,-6.0,0.9125
17,180,-6.0,-6.0,0.875
17,181,-6.0,-6.0,0.9125
17,182,-6.0,-6.0,0.925
17,183,-6.0,-6.0,0.9125
17,184,-6.0,-6.0,0.9375
17,185,-6.0,-6.0,0.9375
17,186,-6.0,-6.0,0.875
17,187,-6.0,-6.0,0.8875
17,188,-6.0,-6.0,0.9
17,189,-6.0,-6.0,0.8875
17,190,-6.0,-6.0,0.9125
17,191,-6.0,-6.0,0.9
17,192,-6.0,-6.0,0.9375
17,193,-6.0,-6.0,0.9
17,194,-6.0,-6.0,0.925
17,195,-6.0,-6.0,0.95
17,196,-6.0,-6.0,0.925
17,197,-6.0,-6.0,0.9125
17,198,-6.0,-6.0,0.925
17,199,-6.0,-6.0,0.9625
17,200,-6.0,-6.0,0.9125
18,0,-5.999872138061864,-5.999872138061864,0.75
18,1,-6.0,-6.0,0.9875
18,2,-6.0,-6.0,0.95
18,3,-6.0,-6.0,0.9
18,4,-6.0,-6.0,0.9
18,5,-6.0,-6.0,0.9
18,6,-6.0,-6.0,0.9375
18,7,-6.0,-6.0,0.9125
18,8,-6.0,-6.0,0.9375
18,9,-6.0,-6.0,0.9125
18,10,-6.0,-6.0,0.95
18,11,-6.0,-6.0,0.8625
18,12,-6.0,-6.0,0.9375
18,13,-6.0,-6.0,0.875
18,14,-6.0,-6.0,0.9375
18,15,-6.0,-6.0,0.9375
18,16,-6.0,-6.0,0.8875
18,17,-6.0,-6.0,0.9125
18,18,-6.0,-6.0,0.8875
18,19,-6.0,-6.0,0.925
18,20,-6.0,-6.0,0.95
18,21,-6.0,-6.0,0.95
18,22,-6.0,-6.0,0.9125
18,23,-6.0,-6.0,0.8875
18,24,-6.0,-6.0,0.9375
18,25,-6.0,-6.0,0.9125
18,26,-6.0,-6.0,0.9125
18,27,-6.0,-6.0,0.95
18,28,-6.0,-6.0,0.875
18,29,-6.0,-6.0,0.925
18,30,-6.0,-6.0,0.9375
18,31,-6.0,-6.0,0.925
18,32,-6.0,-6.0,0.8875
18,33,-6.0,-6.0,0.8875
18,34,-6.0,-6.0,0.8875
18,35,-6.0,-6.0,0.9375
18,36,-6.0,-6.0,0.925
18,37,-6.0,-6.0,0.925
18,38,-6.0,-6.0,0.925
18,39,-6.0,-6.0,0.95
18,40,-6.0,-6.0,0.925
18,41,-6.0,-6.0,0.925
18,42,-6.0,-6.0,0.9375
18,43,-6.0,-6.0,0.9625
18,44,-6.0,-6.0,0.9375
18,45,-6.0,-6.0,0.8375
18,46,-6.0,-6.0,0.825
18,47,-6.0,-6.0,0.925
18,48,-6.0,-6.0,0.9625
18,49,-6.0,-6.0,0.9
18,50,-6.0,-6.0,0.9
18,51,-6.0,-6.0,0.9375
18,52,-6.0,-6.0,0.9125
18,53,-6.0,-6.0,0.875
18,54,-6.0,-6.0,0.9
18,55,-6.0,-6.0,0.8625
18,56,-6.0,-6.0,0.8875
18,57,-6.0,-6.0,0.925
18,58,-6.0,-6.0,0.925
18,59,-6.0,-6.0,0.8875
18,60,-6.0,-6.0,0.9125
18,61,-6.0,-6.0,0.925
18,62,-6.0,-6.0,0.8875
18,63,-6.0,-6.0,0.95
18,64,-6.0,-6.0,0.8875
18,65,-6.0,-6.0,0.8875
18,66,-6.0,-6.0,0.9875
18,67,-6.0,-6.0,0.9625
18,68,-6.0,-6.0,0.925
18,69,-6.0,-6.0,0.875
18,70,-6.0,-6.0,0.9125
18,71,-6.0,-6.0,0.9125
18,72,-6.0,-6.0,0.9125
18,73,-6.0,-6.0,0.8875
18,74,-6.0,-6.0,0.9
18,75,-6.0,-6.0,0.9
18,76,-6.0,-6.0,0.8875
18,77,-6.0,-6.0,0.8875
18,78,-6.0,-6.0,0.825
18,79,-6.0,-6.0,0.925
18,80,-6.0,-6.0,0.95
18,81,-6.0,-6.0,0.9125
18,82,-6.0,-6.0,0.9
18,83,-6.0,-6.0,0.9375
18,84,-6.0,-6.0,0.9125
18,85,-6.0,-6.0,0.925
18,86,-6.0,-6.0,0.95
18,87,-6.0,-6.0,0.95
18,88,-6.0,-6.0,0.9125
18,89,-6.0,-6.0,0.8875
18,90,-6.0,-6.0,0.8375
18,91,-6.0,-6.0,0.8875
18,92,-6.0,-6.0,0.925
18,93,-6.0,-6.0,0.925
18,94,-6.0,-6.0,0.8625
18,95,-6.0,-6.0,0.925
18,96,-6.0,-6.0,0.925
18,97,-6.0,-6.0,0.875
18,98,-6.0,-6.0,0.875
18,99,-6.0,-6.0,0.95
18,100,-6.0,-6.0,0.9875
18,101,-6.0,-6.0,0.925
18,102,-6.0,-6.0,0.95
18,103,-6.0,-6.0,0.9
18,104,-6.0,-6.0,0.8875
18,105,-6.0,-6.0,0.9375
18,106,-6.0,-6.0,0.875
18,107,-6.0,-6.0,0.95
18,108,-6.0,-6.0,0.95
18,109,-6.0,-6.0,0.8625
18,110,-6.0,-6.0,0.95
18,111,-6.0,-6.0,0.8875
18,112,-6.0,-6.0,0.9375
18,113,-6.0,-6.0,0.925
18,114,-6.0,-6.0,0.9
18,115,-6.0,-6.0,0.925
18,116,-6.0,-6.0,0.8875
18,117,-6.0,-6.0,0.9
18,118,-6.0,-6.0,0.8625
18,119,-6.0,-6.0,0.9
18,120,-6.0,-6.0,0.9375
18,121,-6.0,-6.0,0.9125
18,122,-6.0,-6.0,0.9
18,123,-6.0,-6.0,0.975
18,124,-6.0,-6.0,0.8875
18,125,-6.0,-6.0,0.925
18,126,-6.0,-6.0,0.925
18,127,-6.0,-6.0,0.9
18,128,-6.0,-6.0,0.9375
18,129,-6.0,-6.0,0.9
18,130,-6.0,-6.0,0.8875
18,131,-6.0,-6.0,0.9125
18,132,-6.0,-6.0,0.925
18,133,-6.0,-6.0,0.9125
18,134,-6.0,-6.0,0.8625
18,135,-6.0,-6.0,0.95
18,136,-6.0,-6.0,0.9
18,137,-6.0,-6.0,0.85
18,138,-6.0,-6.0,0.925
18,139,-6.0,-6.0,0.925
18,140,-6.0,-6.0,0.925
18,141,-6.0,-6.0,0.925
18,142,-6.0,-6.0,0.8625
18,143,-6.0,-6.0,0.9375
18,144,-6.0,-6.0,0.875
18,145,-6.0,-6.0,0.9
18,146,-6.0,-6.0,0.925
18,147,-6.0,-6.0,0.9
18,148,-6.0,-6.0,0.8625
18,149,-6.0,-6.0,0.9
18,150,-6.0,-6.0,0.95
18,151,-6.0,-6.0,0.9375
18,152,-6.0,-6.0,0.9
18,153,-6.0,-6.0,0.9375
18,154,-6.0,-6.0,0.9
18,155,-6.0,-6.0,0.875
18,156,-6.0,-6.0,0.925
18,157,-6.0,-6.0,0.9
18,158,-6.0,-6.0,0.9375
18,159,-6.0,-6.0,0.9625
18,160,-6.0,-6.0,0.9375
18,161,-6.0,-6.0,0.925
18,162,-6.0,-6.0,0.9625
18,163,-6.0,-6.0,0.9375
18,164,-6.0,-6.0,0.9625
18,165,-6.0,-6.0,0.9375
18,166,-6.0,-6.0,0.9125
18,167,-6.0,-6.0,0.9375
18,168,-6.0,-6.0,0.95
18,169,-6.0,-6.0,0.9375
18,170,-6.0,-6.0,0.9125
18,171,-6.0,-6.0,0.9125
18,172,-6.0,-6.0,0.8875
18,173,-6.0,-6.0,0.9375
18,174,-6.0,-6.0,0.95
18,175,-6.0,-6.0,0.9375
18,176,-6.0,-6.0,0.925
18,177,-6.0,-6.0,0.8875
18,178,-6.0,-6.0,0.775
18,179,-6.0,-6.0,0.95
18,180,-6.0,-6.0,0.875
18,181,-6.0,-6.0,0.9625
18,182,-6.0,-6.0,0.95
18,183,-6.0,-6.0,0.925
18,184,-6.0,-6.0,0.9375
18,185,-6.0,-6.0,0.925
18,186,-6.0,-6.0,0.925
18,187,-6.0,-6.0,0.95
18,188,-6.0,-6.0,0.9625
18,189,-6.0,-6.0,0.9125
18,190,-6.0,-6.0,0.9375
18,191,-6.0,-6.0,0.9125
18,192,-6.0,-6.0,0.8625
18,193,-6.0,-6.0,0.8625
18,194,-6.0,-6.0,0.95
18,195,-6.0,-6.0,0.8875
18,196,-6.0,-6.0,0.875
18,197,-6.0,-6.0,0.9125
18,198,-6.0,-6.0,0.8875
18,199,-6.0,-6.0,0.85
18,200,-6.0,-6.0,0.9125
19,0,-5.999959468960719,-5.999959468960719,0.7125
19,1,-6.0,-6.0,0.9375
19,2,-6.0,-6.0,0.8875
19,3,-6.0,-6.0,0.8375
19,4,-6.0,-6.0,0.9
19,5,-6.0,-6.0,0.9
19,6,-6.0,-6.0,0.925
19,7,-6.0,-6.0,0.925
19,8,-6.0,-6.0,0.925
19,9,-6.0,-6.0,0.9125
19,10,-6.0,-6.0,0.9125
19,11,-6.0,-6.0,0.9125
19,12,-6.0,-6.0,0.9375
19,13,-6.0,-6.0,0.9125
19,14,-6.0,-6.0,0.95
19,15,-6.0,-6.0,0.8625
19,16,-6.0,-6.0,0.875
19,17,-6.0,-6.0,0.925
19,18,-6.0,-6.0,0.9
19,19,-6.0,-6.0,0.8625
19,20,-6.0,-6.0,0.875
19,21,-6.0,-6.0,0.85
19,22,-6.0,-6.0,0.9875
19,23,-6.0,-6.0,0.9125
19,24,-6.0,-6.0,0.875
19,25,-6.0,-6.0,0.925
19,26,-6.0,-6.0,0.9125
19,27,-6.0,-6.0,0.9
19,28,-6.0,-6.0,0.95
19,29,-6.0,-6.0,0.85
19,30,-6.0,-6.0,0.8875
19,31,-6.0,-6.0,0.9625
19,32,-6.0,-6.0,0.9375
19,33,-6.0,-6.0,0.9625
19,34,-6.0,-6.0,0.925
19,35,-6.0,-6.0,0.9125
19,36,-6.0,-6.0,0.9
19,37,-6.0,-6.0,0.9625
19,38,-6.0,-6.0,0.9125
19,39,-6.0,-6.0,0.925
19,40,-6.0,-6.0,0.8375
19,41,-6.0,-6.0,0.875
19,42,-6.0,-6.0,0.9625
19,43,-6.0,-6.0,0.875
19,44,-6.0,-6.0,0.9125
19,45,-6.0,-6.0,0.9125
19,46,-6.0,-6.0,0.9375
19,47,-6.0,-6.0,0.875
19,48,-6.0,-6.0,0.9
19,49,-6.0,-6.0,0.95
19,50,-6.0,-6.0,0.9375
19,51,-6.0,-6.0,0.9
19,52,-6.0,-6.0,0.8875
19,53,-6.0,-6.0,0.925
19,54,-6.0,-6.0,0.9625
19,55,-6.0,-6.0,0.925
19,56,-6.0,-6.0,0.95
19,57,-6.0,-6.0,0.875
19,58,-6.0,-6.0,0.95
19,59,-6.0,-6.0,0.925
19,60,-6.0,-6.0,0.925
19,61,-6.0,-6.0,0.8875
19,62,-6.0,-6.0,0.9125
19,63,-6.0,-6.0,0.875
19,64,-6.0,-6.0,0.8875
19,65,-6.0,-6.0,0.925
19,66,-6.0,-6.0,0.925
19,67,-6.0,-6.0,0.9125
19,68,-6.0,-6.0,0.925
19,69,-6.0,-6.0,0.9375
19,70,-6.0,-6.0,0.925
19,71,-6.0,-6.0,0.9
19,72,-6.0,-6.0,0.9125
19,73,-6.0,-6.0,0.875
19,74,-6.0,-6.0,0.95
19,75,-6.0,-6.0,0.9375
19,76,-6.0,-6.0,0.8875
19,77,-6.0,-6.0,0.9375
19,78,-6.0,-6.0,0.9375
19,79,-6.0,-6.0,0.9125
19,80,-6.0,-6.0,0.9125
19,81,-6.0,-6.0,0.8375
19,82,-6.0,-6.0,0.925
19,83,-6.0,-6.0,0.8625
19,84,-6.0,-6.0,0.95
19,85,-6.0,-6.0,0.9125
19,86,-6.0,-6.0,0.925
19,87,-6.0,-6.0,0.9375
19,88,-6.0,-6.0,0.925
19,89,-6.0,-6.0,0.8875
19,90,-6.0,-6.0,0.9125
19,91,-6.0,-6.0,0.9375
19,92,-6.0,-6.0,0.875
19,93,-6.0,-6.0,0.85
19,94,-6.0,-6.0,0.8875
19,95,-6.0,-6.0,0.8875
19,96,-6.0,-6.0,0.8875
19,97,-6.0,-6.0,0.875
19,98,-6.0,-6.0,0.9125
19,99,-6.0,-6.0,0.9
19,100,-6.0,-6.0,0.875
19,101,-6.0,-6.0,0.925
19,102,-6.0,-6.0,0.9125
19,103,-6.0,-6.0,0.925
19,104,-6.0,-6.0,0.9
19,105,-6.0,-6.0,0.9125
19,106,-6.0,-6.0,0.925
19,107,-6.0,-6.0,0.9125
19,108,-6.0,-6.0,0.95
19,109,-6.0,-6.0,0.9
19,110,-6.0,-6.0,0.9
19,111,-6.0,-6.0,0.925
19,112,-6.0,-6.0,0.925
19,113,-6.0,-6.0,0.9375
19,114,-6.0,-6.0,0.95
19,115,-6.0,-6.0,0.95
19,116,-6.0,-6.0,0.9
19,117,-6.0,-6.0,0.9
19,118,-6.0,-6.0,0.9375
19,119,-6.0,-6.0,0.975
19,120,-6.0,-6.0,0.9125
19,121,-6.0,-6.0,0.925
19,122,-6.0,-6.0,0.9375
19,123,-6.0,-6.0,0.9625
19,124,-6.0,-6.0,0.8875
19,125,-6.0,-6.0,0.9
19,126,-6.0,-6.0,0.925
19,127,-6.0,-6.0,0.9125
19,128,-6.0,-6.0,0.9375
19,129,-6.0,-6.0,0.875
19,130,-6.0,-6.0,0.8875
19,131,-6.0,-6.0,0.85
19,132,-6.0,-6.0,0.9
19,133,-6.0,-6.0,0.925
19,134,-6.0,-6.0,0.9
19,135,-6.0,-6.0,0.925
19,136,-6.0,-6.0,0.9625
19,137,-6.0,-6.0,0.9125
19,138,-6.0,-6.0,0.9375
19,139,-6.0,-6.0,0.9125
19,140,-6.0,-6.0,0.925
19,141,-6.0,-6.0,0.9375
19,142,-6.0,-6.0,0.9375
19,143,-6.0,-6.0,0.9625
19,144,-6.0,-6.0,0.9125
19,145,-6.0,-6.0,0.8875
19,146,-6.0,-6.0,0.95
19,147,-6.0,-6.0,0.9125
19,148,-6.0,-6.0,0.925
19,149,-6.0,-6.0,0.8625
19,150,-6.0,-6.0,0.9375
19,151,-6.0,-6.0,0.8875
19,152,-6.0,-6.0,0.925
19,153,-6.0,-6.0,0.8625
19,154,-6.0,-6.0,0.8625
19,155,-6.0,-6.0,0.925
19,156,-6.0,-6.0,1.0
19,157,-6.0,-6.0,0.925
19,158,-6.0,-6.0,0.95
19,159,-6.0,-6.0,0.95
19,160,-6.0,-6.0,0.9375
19,161,-6.0,-6.0,0.9
19,162,-6.0,-6.0,0.9125
19,163,-6.0,-6.0,0.9125
19,164,-6.0,-6.0,0.8875
19,165,-6.0,-6.0,0.8875
19,166,-6.0,-6.0,0.8625
19,167,-6.0,-6.0,0.925
19,168,-6.0,-6.0,0.8625
19,169,-6.0,-6.0,0.875
19,170,-6.0,-6.0,0.9125
19,171,-6.0,-6.0,0.9125
19,172,-6.0,-6.0,0.9125
19,173,-6.0,-6.0,0.85
19,174,-6.0,-6.0,0.9375
19,175,-6.0,-6.0,0.8875
19,176,-6.0,-6.0,0.85
19,177,-6.0,-6.0,0.925
19,178,-6.0,-6.0,0.9125
19,179,-6.0,-6.0,0.875
19,180,-6.0,-6.0,0.8625
19,181,-6.0,-6.0,0.9375
19,182,-6.0,-6.0,0.9
19,183,-6.0,-6.0,0.9625
19,184,-6.0,-6.0,0.925
19,185,-6.0,-6.0,0.925
19,186,-6.0,-6.0,0.925
19,187,-6.0,-6.0,0.9625
19,188,-6.0,-6.0,0.925
19,189,-6.0,-6.0,0.9
19,190,-6.0,-6.0,0.8875
19,191,-6.0,-6.0,0.9
19,192,-6.0,-6.0,0.925
19,193,-6.0,-6.0,0.9
19,194,-6.0,-6.0,0.8875
19,195,-6.0,-6.0,0.9125
19,196,-6.0,-6.0,0.9
19,197,-6.0,-6.0,0.9
19,198,-6.0,-6.0,0.95
19,199,-6.0,-6.0,0.9
19,200,-6.0,-6.0,0.8875
20,0,-5.999630984273935,-5.999630984273935,0.775
20,1,-6.0,-6.0,0.9
20,2,-6.0,-6.0,0.8625
20,3,-6.0,-6.0,0.9
20,4,-6.0,-6.0,0.9125
20,5,-6.0,-6.0,0.8875
20,6,-6.0,-6.0,0.9
20,7,-6.0,-6.0,0.9125
20,8,-6.0,-6.0,0.875
20,9,-6.0,-6.0,0.9
20,10,-6.0,-6.0,0.9
20,11,-6.0,-6.0,0.875
20,12,-6.0,-6.0,0.9
20,13,-6.0,-6.0,0.9
20,14,-6.0,-6.0,0.9125
20,15,-6.0,-6.0,0.875
20,16,-6.0,-6.0,0.9375
20,17,-6.0,-6.0,0.925
20,18,-6.0,-6.0,0.8875
20,19,-6.0,-6.0,0.95
20,20,-6.0,-6.0,0.9125
20,21,-6.0,-6.0,0.95
20,22,-6.0,-6.0,0.925
20,23,-6.0,-6.0,0.9125
20,24,-6.0,-6.0,0.925
20,25,-6.0,-6.0,0.9375
20,26,-6.0,-6.0,0.925
20,27,-6.0,-6.0,0.925
20,28,-6.0,-6.0,0.925
20,29,-6.0,-6.0,0.9125
20,30,-6.0,-6.0,0.95
20,31,-6.0,-6.0,0.925
20,32,-6.0,-6.0,0.9125
20,33,-6.0,-6.0,0.9125
20,34,-6.0,-6.0,0.9125
20,35,-6.0,-6.0,0.9
20,36,-6.0,-6.0,0.8875
20,37,-6.0,-6.0,0.95
20,38,-6.0,-6.0,0.9
20,39,-6.0,-6.0,0.85
20,40,-6.0,-6.0,0.95
20,41,-6.0,-6.0,0.9
20,42,-6.0,-6.0,0.875
20,43,-6.0,-6.0,0.85
20,44,-6.0,-6.0,0.9
20,45,-6.0,-6.0,0.9625
20,46,-6.0,-6.0,0.8875
20,47,-6.0,-6.0,0.9625
20,48,-6.0,-6.0,0.875
20,49,-6.0,-6.0,0.875
20,50,-6.0,-6.0,0.9375
20,51,-6.0,-6.0,0.975
20,52,-6.0,-6.0,0.9
20,53,-6.0,-6.0,0.9625
20,54,-6.0,-6.0,0.95
20,55,-6.0,-6.0,0.9125
20,56,-6.0,-6.0,0.9375
20,57,-6.0,-6.0,0.9625
20,58,-6.0,-6.0,0.925
20,59,-6.0,-6.0,0.95
20,60,-6.0,-6.0,0.925
20,61,-6.0,-6.0,0.9
20,62,-6.0,-6.0,0.95
20,63,-6.0,-6.0,0.9375
20,64,-6.0,-6.0,0.9375
20,65,-6.0,-6.0,0.9625
20,66,-6.0,-6.0,0.9
20,67,-6.0,-6.0,0.85
20,68,-6.0,-6.0,0.9
20,69,-6.0,-6.0,0.9625
20,70,-6.0,-6.0,0.875
20,71,-6.0,-6.0,0.9125
20,72,-6.0,-6.0,0.925
20,73,-6.0,-6.0,0.875
20,74,-6.0,-6.0,0.9
20,75,-6.0,-6.0,0.9625
20,76,-6.0,-6.0,0.95
20,77,-6.0,-6.0,0.925
20,78,-6.0,-6.0,0.925
20,79,-6.0,-6.0,0.9375
20,80,-6.0,-6.0,0.9125
20,81,-6.0,-6.0,0.9125
20,82,-6.0,-6.0,0.95
20,83,-6.0,-6.0,0.9
20,84,-6.0,-6.0,0.9625
20,85,-6.0,-6.0,0.9
20,86,-6.0,-6.0,0.9125
20,87,-6.0,-6.0,0.95
20,88,-6.0,-6.0,0.9125
20,89,-6.0,-6.0,0.8625
20,90,-6.0,-6.0,0.875
20,91,-6.0,-6.0,0.85
20,92,-6.0,-6.0,0.9
20,93,-6.0,-6.0,0.9
20,94,-6.0,-6.0,0.8875
20,95,-6.0,-6.0,0.925
20,96,-6.0,-6.0,0.9125
20,97,-6.0,-6.0,0.9375
20,98,-6.0,-6.0,0.95
20,99,-6.0,-6.0,0.8625
20,100,-6.0,-6.0,0.9625
20,101,-6.0,-6.0,0.8875
20,102,-6.0,-6.0,0.95
20,103,-6.0,-6.0,0.9
20,104,-6.0,-6.0,0.9125
20,105,-6.0,-6.0,0.9
20,106,-6.0,-6.0,0.925
20,107,-6.0,-6.0,0.875
20,108,-6.0,-6.0,0.875
20,109,-6.0,-6.0,0.925
20,110,-6.0,-6.0,0.8875
20,111,-6.0,-6.0,0.95
20,112,-6.0,-6.0,0.875
20,113,-6.0,-6.0,0.9125
20,114,-6.0,-6.0,0.9125
20,115,-6.0,-6.0,0.9
20,116,-6.0,-6.0,0.9125
20,117,-6.0,-6.0,0.9125
20,118,-6.0,-6.0,0.9125
20,119,-6.0,-6.0,0.9125
20,120,-6.0,-6.0,0.825
20,121,-6.0,-6.0,0.9375
20,122,-6.0,-6.0,0.95
20,123,-6.0,-6.0,0.975
20,124,-6.0,-6.0,0.875
20,125,-6.0,-6.0,0.925
20,126,-6.0,-6.0,0.875
20,127,-6.0,-6.0,0.925
20,128,-6.0,-6.0,0.9
20,129,-6.0,-6.0,0.9125
20,130,-6.0,-6.0,0.9125
20,131,-6.0,-6.0,0.9
20,132,-6.0,-6.0,0.9125
20,133,-6.0,-6.0,0.9125
20,134,-6.0,-6.0,0.9625
20,135,-6.0,-6.0,0.9625
20,136,-6.0,-6.0,0.875
20,137,-6.0,-6.0,0.9125
20,138,-6.0,-6.0,0.9375
20,139,-6.0,-6.0,0.9625
20,140,-6.0,-6.0,0.9625
20,141,-6.0,-6.0,0.9
20,142,-6.0,-6.0,0.925
20,143,-6.0,-6.0,0.9375
20,144,-6.0,-6.0,0.9
20,145,-6.0,-6.0,0.8625
20,146,-6.0,-6.0,0.9375
20,147,-6.0,-6.0,0.9125
20,148,-6.0,-6.0,0.8375
20,149,-6.0,-6.0,0.9125
20,150,-6.0,-6.0,0.9125
20,151,-6.0,-6.0,0.8625
20,152,-6.0,-6.0,0.9
20,153,-6.0,-6.0,0.9125
20,154,-6.0,-6.0,0.8875
20,155,-6.0,-6.0,0.8625
20,156,-6.0,-6.0,0.8875
20,157,-6.0,-6.0,0.9375
20,158,-6.0,-6.0,0.8875
20,159,-6.0,-6.0,0.9
20,160,-6.0,-6.0,0.95
20,161,-6.0,-6.0,0.9625
20,162,-6.0,-6.0,0.925
20,163,-6.0,-6.0,0.9625
20,164,-6.0,-6.0,0.95
20,165,-6.0,-6.0,0.9
20,166,-6.0,-6.0,0.925
20,167,-6.0,-6.0,0.925
20,168,-6.0,-6.0,0.9375
20,169,-6.0,-6.0,0.9125
20,170,-6.0,-6.0,0.95
20,171,-6.0,-6.0,0.875
20,172,-6.0,-6.0,0.9375
20,173,-6.0,-6.0,0.8875
20,174,-6.0,-6.0,0.925
20,175,-6.0,-6.0,0.9
20,176,-6.0,-6.0,0.8875
20,177,-6.0,-6.0,0.9125
20,178,-6.0,-6.0,0.9
20,179,-6.0,-6.0,0.95
20,180,-6.0,-6.0,0.925
20,181,-6.0,-6.0,0.95
20,182,-6.0,-6.0,0.8875
20,183,-6.0,-6.0,0.85
20,184,-6.0,-6.0,0.875
20,185,-6.0,-6.0,0.8875
20,186,-6.0,-6.0,0.8625
20,187,-6.0,-6.0,0.825
20,188,-6.0,-6.0,0.9125
20,189,-6.0,-6.0,0.9625
20,190,-6.0,-6.0,0.8875
20,191,-6.0,-6.0,0.9375
20,192,-6.0,-6.0,0.9375
20,193,-6.0,-6.0,0.9375
20,194,-6.0,-6.0,0.8875
20,195,-6.0,-6.0,0.925
20,196,-6.0,-6.0,0.9
20,197,-6.0,-6.0,0.925
20,198,-6.0,-6.0,0.9625
20,199,-6.0,-6.0,0.9
20,200,-6.0,-6.0,0.9375
21,0,-5.981718574382559,-5.981718574382559,0.7625
21,1,-6.0,-6.0,0.925
21,2,-6.0,-6.0,0.925
21,3,-6.0,-6.0,0.8875
21,4,-6.0,-6.0,0.925
21,5,-6.0,-6.0,0.9
21,6,-6.0,-6.0,0.8875
21,7,-6.0,-6.0,0.8875
21,8,-6.0,-6.0,0.8875
21,9,-6.0,-6.0,0.9625
21,10,-6.0,-6.0,0.9875
21,11,-6.0,-6.0,0.925
21,12,-6.0,-6.0,0.95
21,13,-6.0,-6.0,0.9375
21,14,-6.0,-6.0,0.8875
21,15,-6.0,-6.0,0.8875
21,16,-6.0,-6.0,0.9
21,17,-6.0,-6.0,0.925
21,18,-6.0,-6.0,0.9
21,19,-6.0,-6.0,0.9375
21,20,-6.0,-6.0,0.9125
21,21,-6.0,-6.0,0.8875
21,22,-6.0,-6.0,0.875
21,23,-6.0,-6.0,0.8625
21,24,-6.0,-6.0,0.8125
21,25,-6.0,-6.0,0.9125
21,26,-6.0,-6.0,0.875
21,27,-6.0,-6.0,0.925
21,28,-6.0,-6.0,0.8875
21,29,-6.0,-6.0,0.925
21,30,-6.0,-6.0,0.925
21,31,-6.0,-6.0,0.95
21,32,-6.0,-6.0,0.8375
21,33,-6.0,-6.0,0.925
21,34,-6.0,-6.0,0.8875
21,35,-6.0,-6.0,0.8875
21,36,-6.0,-6.0,0.9375
21,37,-6.0,-6.0,0.95
21,38,-6.0,-6.0,0.925
21,39,-6.0,-6.0,0.9125
21,40,-6.0,-6.0,0.8875
21,41,-6.0,-6.0,0.875
21,42,-6.0,-6.0,0.95
21,43,-6.0,-6.0,0.95
21,44,-6.0,-6.0,0.9625
21,45,-6.0,-6.0,0.9125
21,46,-6.0,-6.0,0.9375
21,47,-6.0,-6.0,0.9125
21,48,-6.0,-6.0,0.9125
21,49,-6.0,-6.0,0.9125
21,50,-6.0,-6.0,0.8625
21,51,-6.0,-6.0,0.925
21,52,-6.0,-6.0,0.975
21,53,-6.0,-6.0,0.975
21,54,-6.0,-6.0,0.925
21,55,-6.0,-6.0,0.9
21,56,-6.0,-6.0,0.9125
21,57,-6.0,-6.0,0.8625
21,58,-6.0,-6.0,0.875
21,59,-6.0,-6.0,0.9
21,60,-6.0,-6.0,0.9125
21,61,-6.0,-6.0,0.85
21,62,-6.0,-6.0,0.9375
21,63,-6.0,-6.0,0.9
21,64,-6.0,-6.0,0.925
21,65,-6.0,-6.0,0.9125
21,66,-6.0,-6.0,0.95
21,67,-6.0,-6.0,0.8625
21,68,-6.0,-6.0,0.8375
21,69,-6.0,-6.0,0.875
21,70,-6.0,-6.0,0.925
21,71,-6.0,-6.0,0.9375
21,72,-6.0,-6.0,0.875
21,73,-6.0,-6.0,0.8875
21,74,-6.0,-6.0,0.9
21,75,-6.0,-6.0,0.925
21,76,-6.0,-6.0,0.8625
21,77,-6.0,-6.0,0.9625
21,78,-6.0,-6.0,0.9375
21,79,-6.0,-6.0,0.95
21,80,-6.0,-6.0,0.9375
21,81,-6.0,-6.0,0.825
21,82,-6.0,-6.0,0.95
21,83,-6.0,-6.0,0.9375
21,84,-6.0,-6.0,0.9625
21,85,-6.0,-6.0,0.9125
21,86,-6.0,-6.0,0.8875
21,87,-6.0,-6.0,0.9125
21,88,-6.0,-6.0,0.975
21,89,-6.0,-6.0,0.8875
21,90,-6.0,-6.0,0.9125
21,91,-6.0,-6.0,0.8625
21,92,-6.0,-6.0,0.8625
21,93,-6.0,-6.0,0.9125
21,94,-6.0,-6.0,0.8625
21,95,-6.0,-6.0,0.8625
21,96,-6.0,-6.0,0.9
21,97,-6.0,-6.0,0.875
21,98,-6.0,-6.0,0.925
21,99,-6.0,-6.0,0.925
21,100,-6.0,-6.0,0.925
21,101,-6.0,-6.0,0.8875
21,102,-6.0,-6.0,0.9375
21,103,-6.0,-6.0,0.8375
21,104,-6.0,-6.0,0.9375
21,105,-6.0,-6.0,0.9125
21,106,-6.0,-6.0,0.9125
21,107,-6.0,-6.0,0.875
21,108,-6.0,-6.0,0.8625
21,109,-6.0,-6.0,0.8625
21,110,-6.0,-6.0,0.925
21,111,-6.0,-6.0,0.9125
21,112,-6.0,-6.0,0.9875
21,113,-6.0,-6.0,0.975
21,114,-6.0,-6.0,0.875
21,115,-6.0,-6.0,0.9125
21,116,-6.0,-6.0,0.825
21,117,-6.0,-6.0,0.8625
21,118,-6.0,-6.0,0.925
21,119,-6.0,-6.0,0.925
21,120,-6.0,-6.0,0.9375
21,121,-6.0,-6.0,0.975
21,122,-6.0,-6.0,0.975
21,123,-6.0,-6.0,0.9
21,124,-6.0,-6.0,0.9125
21,125,-6.0,-6.0,0.925
21,126,-6.0,-6.0,0.9125
21,127,-6.0,-6.0,0.9125
21,128,-6.0,-6.0,0.925
21,129,-6.0,-6.0,0.875
21,130,-6.0,-6.0,0.8625
21,131,-6.0,-6.0,0.925
21,132,-6.0,-6.0,0.95
21,133,-6.0,-6.0,0.8875
21,134,-6.0,-6.0,0.875
21,135,-6.0,-6.0,0.9375
21,136,-6.0,-6.0,0.9375
21,137,-6.0,-6.0,0.9125
21,138,-6.0,-6.0,0.9
21,139,-6.0,-6.0,0.925
21,140,-6.0,-6.0,0.925
21,141,-6.0,-6.0,0.9125
21,142,-6.0,-6.0,0.9125
21,143,-6.0,-6.0,0.875
21,144,-6.0,-6.0,0.9125
21,145,-6.0,-6.0,0.95
21,146,-6.0,-6.0,0.925
21,147,-6.0,-6.0,0.9
21,148,-6.0,-6.0,0.8875
21,149,-6.0,-6.0,0.9125
21,150,-6.0,-6.0,0.8875
21,151,-6.0,-6.0,0.925
21,152,-6.0,-6.0,0.9375
21,153,-6.0,-6.0,0.8625
21,154,-6.0,-6.0,0.925
21,155,-6.0,-6.0,0.8875
21,156,-6.0,-6.0,0.975
21,157,-6.0,-6.0,0.95
21,158,-6.0,-6.0,0.925
21,159,-6.0,-6.0,0.8875
21,160,-6.0,-6.0,0.8875
21,161,-6.0,-6.0,0.9
21,162,-6.0,-6.0,0.95
21,163,-6.0,-6.0,0.8875
21,164,-6.0,-6.0,0.9125
21,165,-6.0,-6.0,0.9
21,166,-6.0,-6.0,0.9
21,167,-6.0,-6.0,0.9625
21,168,-6.0,-6.0,0.95
21,169,-6.0,-6.0,0.9
21,170,-6.0,-6.0,0.9
21,171,-6.0,-6.0,0.9625
21,172,-6.0,-6.0,0.95
21,173,-6.0,-6.0,0.9375
21,174,-6.0,-6.0,0.95
21,175,-6.0,-6.0,0.9125
21,176,-6.0,-6.0,0.9625
21,177,-6.0,-6.0,0.95
21,178,-6.0,-6.0,0.9125
21,179,-6.0,-6.0,0.9
21,180,-6.0,-6.0,0.8625
21,181,-6.0,-6.0,0.875
21,182,-6.0,-6.0,0.8875
21,183,-6.0,-6.0,0.9125
21,184,-6.0,-6.0,0.95
21,185,-6.0,-6.0,0.9125
21,186,-6.0,-6.0,0.975
21,187,-6.0,-6.0,0.9375
21,188,-6.0,-6.0,0.875
21,189,-6.0,-6.0,0.9375
21,190,-6.0,-6.0,0.9
21,191,-6.0,-6.0,0.9375
21,192,-6.0,-6.0,0.8875
21,193,-6.0,-6.0,0.9125
21,194,-6.0,-6.0,0.9
21,195,-6.0,-6.0,0.9375
21,196,-6.0,-6.0,0.9125
21,197,-6.0,-6.0,0.9
21,198,-6.0,-6.0,0.8875
21,199,-6.0,-6.0,0.9375
21,200,-6.0,-6.0,0.9375
22,0,-5.999285370478833,-5.999285370478833,0.7125
22,1,-6.0,-6.0,0.9125
22,2,-6.0,-6.0,0.925
22,3,-6.0,-6.0,0.875
22,4,-6.0,-6.0,0.8875
22,5,-6.0,-6.0,0.8875
22,6,-6.0,-6.0,0.9125
22,7,-6.0,-6.0,0.9125
22,8,-6.0,-6.0,0.925
22,9,-6.0,-6.0,0.95
22,10,-6.0,-6.0,0.8875
22,11,-6.0,-6.0,0.8875
22,12,-6.0,-6.0,0.9625
22,13,-6.0,-6.0,0.925
22,14,-6.0,-6.0,0.925
22,15,-6.0,-6.0,0.9125
22,16,-6.0,-6.0,0.975
22,17,-6.0,-6.0,0.9125
22,18,-6.0,-6.0,0.925
22,19,-6.0,-6.0,0.875
22,20,-6.0,-6.0,0.95
22,21,-6.0,-6.0,0.925
22,22,-6.0,-6.0,0.9125
22,23,-6.0,-6.0,0.925
22,24,-6.0,-6.0,0.9625
22,25,-6.0,-6.0,0.9125
22,26,-6.0,-6.0,0.9375
22,27,-6.0,-6.0,0.9
22,28,-6.0,-6.0,0.9
22,29,-6.0,-6.0,0.9125
22,30,-6.0,-6.0,0.8875
22,31,-6.0,-6.0,0.95
22,32,-6.0,-6.0,0.925
22,33,-6.0,-6.0,0.875
22,34,-6.0,-6.0,0.9
22,35,-6.0,-6.0,0.9375
22,36,-6.0,-6.0,0.925
22,37,-6.0,-6.0,0.95
22,38,-6.0,-6.0,0.9125
22,39,-6.0,-6.0,0.85
22,40,-6.0,-6.0,0.9375
22,41,-6.0,-6.0,0.9625
22,42,-6.0,-6.0,0.9375
22,43,-6.0,-6.0,0.875
22,44,-6.0,-6.0,0.8875
22,45,-6.0,-6.0,0.9625
22,46,-6.0,-6.0,0.95
22,47,-6.0,-6.0,0.8875
22,48,-6.0,-6.0,0.9625
22,49,-6.0,-6.0,0.925
22,50,-6.0,-6.0,0.975
22,51,-6.0,-6.0,0.8625
22,52,-6.0,-6.0,0.95
22,53,-6.0,-6.0,0.95
22,54,-6.0,-6.0,0.925
22,55,-6.0,-6.0,0.9
22,56,-6.0,-6.0,0.975
22,57,-6.0,-6.0,0.95
22,58,-6.0,-6.0,0.8625
22,59,-6.0,-6.0,0.8125
22,60,-6.0,-6.0,0.875
22,61,-6.0,-6.0,0.9375
22,62,-6.0,-6.0,0.85
22,63,-6.0,-6.0,0.9375
22,64,-6.0,-6.0,0.95
22,65,-6.0,-6.0,0.9
22,66,-6.0,-6.0,0.875
22,67,-6.0,-6.0,0.875
22,68,-6.0,-6.0,0.9125
22,69,-6.0,-6.0,0.9875
22,70,-6.0,-6.0,0.925
22,71,-6.0,-6.0,0.925
22,72,-6.0,-6.0,0.9125
22,73,-6.0,-6.0,0.875
22,74,-6.0,-6.0,0.825
22,75,-6.0,-6.0,0.95
22,76,-6.0,-6.0,0.9125
22,77,-6.0,-6.0,0.9125
22,78,-6.0,-6.0,0.85
22,79,-6.0,-6.0,0.8875
22,80,-6.0,-6.0,0.925
22,81,-6.0,-6.0,0.9125
22,82,-6.0,-6.0,0.9
22,83,-6.0,-6.0,0.925
22,84,-6.0,-6.0,0.9625
22,85,-6.0,-6.0,0.9375
22,86,-6.0,-6.0,0.925
22,87,-6.0,-6.0,0.9125
22,88,-6.0,-6.0,0.9875
22,89,-6.0,-6.0,0.95
22,90,-6.0,-6.0,0.875
22,91,-6.0,-6.0,0.9375
22,92,-6.0,-6.0,0.9625
22,93,-6.0,-6.0,0.9
22,94,-6.0,-6.0,0.8625
22,95,-6.0,-6.0,0.8875
22,96,-6.0,-6.0,0.975
22,97,-6.0,-6.0,0.925
22,98,-6.0,-6.0,0.85
22,99,-6.0,-6.0,0.9375
22,100,-6.0,-6.0,0.9
22,101,-6.0,-6.0,0.8875
22,102,-6.0,-6.0,0.875
22,103,-6.0,-6.0,0.9375
22,104,-6.0,-6.0,0.9375
22,105,-6.0,-6.0,0.9375
22,106,-6.0,-6.0,0.975
22,107,-6.0,-6.0,0.9125
22,108,-6.0,-6.0,0.9
22,109,-6.0,-6.0,0.925
22,110,-6.0,-6.0,0.9625
22,111,-6.0,-6.0,0.9
22,112,-6.0,-6.0,0.875
22,113,-6.0,-6.0,0.95
22,114,-6.0,-6.0,0.875
22,115,-6.0,-6.0,0.85
22,116,-6.0,-6.0,0.8625
22,117,-6.0,-6.0,0.9375
22,118,-6.0,-6.0,0.8875
22,119,-6.0,-6.0,0.8875
22,120,-6.0,-6.0,0.9625
22,121,-6.0,-6.0,0.95
22,122,-6.0,-6.0,0.9375
22,123,-6.0,-6.0,0.8375
22,124,-6.0,-6.0,0.85
22,125,-6.0,-6.0,0.925
22,126,-6.0,-6.0,0.875
22,127,-6.0,-6.0,0.9
22,128,-6.0,-6.0,0.9125
22,129,-6.0,-6.0,0.9125
22,130,-6.0,-6.0,0.8375
22,131,-6.0,-6.0,0.8875
22,132,-6.0,-6.0,0.9
22,133,-6.0,-6.0,0.925
22,134,-6.0,-6.0,0.9875
22,135,-6.0,-6.0,0.875
22,136,-6.0,-6.0,0.95
22,137,-6.0,-6.0,0.925
22,138,-6.0,-6.0,0.8625
22,139,-6.0,-6.0,0.9625
22,140,-6.0,-6.0,0.9375
22,141,-6.0,-6.0,0.9125
22,142,-6.0,-6.0,0.875
22,143,-6.0,-6.0,0.925
22,144,-6.0,-6.0,0.9625
22,145,-6.0,-6.0,0.9375
22,146,-6.0,-6.0,0.9375
22,147,-6.0,-6.0,0.9375
22,148,-6.0,-6.0,0.8625
22,149,-6.0,-6.0,0.9625
22,150,-6.0,-6.0,0.8875
22,151,-6.0,-6.0,0.875
22,152,-6.0,-6.0,0.9375
22,153,-6.0,-6.0,0.9625
22,154,-6.0,-6.0,0.95
22,155,-6.0,-6.0,0.9625
22,156,-6.0,-6.0,0.8625
22,157,-6.0,-6.0,0.9375
22,158,-6.0,-6.0,0.9375
22,159,-6.0,-6.0,0.9125
22,160,-6.0,-6.0,0.9
22,161,-6.0,-6.0,0.85
22,162,-6.0,-6.0,0.8875
22,163,-6.0,-6.0,0.8375
22,164,-6.0,-6.0,0.875
22,165,-6.0,-6.0,0.85
22,166,-6.0,-6.0,0.95
22,167,-6.0,-6.0,0.9125
22,168,-6.0,-6.0,0.9
22,169,-6.0,-6.0,0.9125
22,170,-6.0,-6.0,0.85
22,171,-6.0,-6.0,0.8375
22,172,-6.0,-6.0,0.8875
22,173,-6.0,-6.0,0.925
22,174,-6.0,-6.0,0.925
22,175,-6.0,-6.0,0.925
22,176,-6.0,-6.0,0.8875
22,177,-6.0,-6.0,0.975
22,178,-6.0,-6.0,0.925
22,179,-6.0,-6.0,0.9125
22,180,-6.0,-6.0,0.9875
22,181,-6.0,-6.0,0.8875
22,182,-6.0,-6.0,0.9625
22,183,-6.0,-6.0,0.975
22,184,-6.0,-6.0,0.95
22,185,-6.0,-6.0,0.875
22,186,-6.0,-6.0,0.95
22,187,-6.0,-6.0,0.95
22,188,-6.0,-6.0,0.9375
22,189,-6.0,-6.0,0.9125
22,190,-6.0,-6.0,0.9125
22,191,-6.0,-6.0,0.9125
22,192,-6.0,-6.0,0.8625
22,193,-6.0,-6.0,0.875
22,194,-6.0,-6.0,0.925
22,195,-6.0,-6.0,0.9125
22,196,-6.0,-6.0,0.9125
22,197,-6.0,-6.0,0.9125
22,198,-6.0,-6.0,0.9125
22,199,-6.0,-6.0,0.9
22,200,-6.0,-6.0,0.925
23,0,-5.990920869619512,-5.990920869619512,0.675
23,1,-5.990920869619512,-5.990920869619512,0.925
23,2,-6.0,-6.0,0.8875
23,3,-6.0,-6.0,0.9375
23,4,-6.0,-6.0,0.925
23,5,-6.0,-6.0,0.925
23,6,-6.0,-6.0,0.925
23,7,-6.0,-6.0,0.9
23,8,-6.0,-6.0,0.85
23,9,-6.0,-6.0,0.8375
23,10,-6.0,-6.0,0.9375
23,11,-6.0,-6.0,0.8875
23,12,-6.0,-6.0,0.85
23,13,-6.0,-6.0,0.9375
23,14,-6.0,-6.0,0.875
23,15,-6.0,-6.0,0.9125
23,16,-6.0,-6.0,0.9
23,17,-6.0,-6.0,0.9875
23,18,-6.0,-6.0,0.8875
23,19,-6.0,-6.0,0.925
23,20,-6.0,-6.0,0.95
23,21,-6.0,-6.0,0.9375
23,22,-6.0,-6.0,0.925
23,23,-6.0,-6.0,0.9
23,24,-6.0,-6.0,0.8875
23,25,-6.0,-6.0,0.925
23,26,-6.0,-6.0,0.95
23,27,-6.0,-6.0,0.9625
23,28,-6.0,-6.0,0.925
23,29,-6.0,-6.0,0.875
23,30,-6.0,-6.0,0.9375
23,31,-6.0,-6.0,0.8875
23,32,-6.0,-6.0,0.825
23,33,-6.0,-6.0,0.9125
23,34,-6.0,-6.0,0.9
23,35,-6.0,-6.0,0.9
23,36,-6.0,-6.0,0.925
23,37,-6.0,-6.0,0.8625
23,38,-6.0,-6.0,0.9
23,39,-6.0,-6.0,0.925
23,40,-6.0,-6.0,0.9375
23,41,-6.0,-6.0,0.9
23,42,-6.0,-6.0,0.8875
23,43,-6.0,-6.0,0.8625
23,44,-6.0,-6.0,0.9
23,45,-6.0,-6.0,0.95
23,46,-6.0,-6.0,0.9875
23,47,-6.0,-6.0,0.925
23,48,-6.0,-6.0,0.875
23,49,-6.0,-6.0,0.875
23,50,-6.0,-6.0,0.8875
23,51,-6.0,-6.0,0.8625
23,52,-6.0,-6.0,0.925
23,53,-6.0,-6.0,0.8625
23,54,-6.0,-6.0,0.9
23,55,-6.0,-6.0,0.95
23,56,-6.0,-6.0,0.9
23,57,-6.0,-6.0,0.925
23,58,-6.0,-6.0,0.8875
23,59,-6.0,-6.0,0.825
23,60,-6.0,-6.0,0.8875
23,61,-6.0,-6.0,0.8875
23,62,-6.0,-6.0,0.875
23,63,-6.0,-6.0,0.9125
23,64,-6.0,-6.0,0.95
23,65,-6.0,-6.0,0.925
23,66,-6.0,-6.0,0.9625
23,67,-6.0,-6.0,0.8875
23,68,-6.0,-6.0,0.9375
23,69,-6.0,-6.0,0.95
23,70,-6.0,-6.0,0.9375
23,71,-6.0,-6.0,0.9375
23,72,-6.0,-6.0,0.8875
23,73,-6.0,-6.0,0.925
23,74,-6.0,-6.0,1.0
23,75,-6.0,-6.0,0.9375
23,76,-6.0,-6.0,0.9375
23,77,-6.0,-6.0,0.95
23,78,-6.0,-6.0,0.9625
23,79,-6.0,-6.0,0.825
23,80,-6.0,-6.0,0.9125
23,81,-6.0,-6.0,0.9
23,82,-6.0,-6.0,0.9125
23,83,-6.0,-6.0,0.925
23,84,-6.0,-6.0,0.9125
23,85,-6.0,-6.0,0.85
23,86,-6.0,-6.0,0.8875
23,87,-6.0,-6.0,0.9
23,88,-6.0,-6.0,0.8875
23,89,-6.0,-6.0,0.95
23,90,-6.0,-6.0,0.9125
23,91,-6.0,-6.0,0.875
23,92,-6.0,-6.0,0.9125
23,93,-6.0,-6.0,0.925
23,94,-6.0,-6.0,0.925
23,95,-6.0,-6.0,0.925
23,96,-6.0,-6.0,0.9375
23,97,-6.0,-6.0,0.9125
23,98,-6.0,-6.0,0.925
23,99,-6.0,-6.0,0.9125
23,100,-6.0,-6.0,0.95
23,101,-6.0,-6.0,0.9625
23,102,-6.0,-6.0,0.875
23,103,-6.0,-6.0,0.95
23,104,-6.0,-6.0,0.9125
23,105,-6.0,-6.0,0.95
23,106,-6.0,-6.0,0.9625
23,107,-6.0,-6.0,0.9375
23,108,-6.0,-6.0,0.9625
23,109,-6.0,-6.0,0.9375
23,110,-6.0,-6.0,0.925
23,111,-6.0,-6.0,0.9625
23,112,-6.0,-6.0,0.9125
23,113,-6.0,-6.0,0.9625
23,114,-6.0,-6.0,0.975
23,115,-6.0,-6.0,0.8875
23,116,-6.0,-6.0,0.85
23,117,-6.0,-6.0,0.925
23,118,-6.0,-6.0,0.9125
23,119,-6.0,-6.0,0.9125
23,120,-6.0,-6.0,0.875
23,121,-6.0,-6.0,0.875
23,122,-6.0,-6.0,0.9
23,123,-6.0,-6.0,0.9125
23,124,-6.0,-6.0,0.9
23,125,-6.0,-6.0,0.8875
23,126,-6.0,-6.0,0.9125
23,127,-6.0,-6.0,0.9375
23,128,-6.0,-6.0,0.9
23,129,-6.0,-6.0,0.9125
23,130,-6.0,-6.0,0.925
23,131,-6.0,-6.0,0.975
23,132,-6.0,-6.0,0.9
23,133,-6.0,-6.0,0.85
23,134,-6.0,-6.0,0.8875
23,135,-6.0,-6.0,0.875
23,136,-6.0,-6.0,0.9
23,137,-6.0,-6.0,0.9
23,138,-6.0,-6.0,0.8875
23,139,-6.0,-6.0,0.9375
23,140,-6.0,-6.0,0.9625
23,141,-6.0,-6.0,0.9375
23,142,-6.0,-6.0,0.9125
23,143,-6.0,-6.0,0.9125
23,144,-6.0,-6.0,0.8625
23,145,-6.0,-6.0,0.9
23,146,-6.0,-6.0,0.8875
23,147,-6.0,-6.0,0.8875
23,148,-6.0,-6.0,0.8875
23,149,-6.0,-6.0,0.9
23,150,-6.0,-6.0,0.9375
23,151,-6.0,-6.0,0.975
23,152,-6.0,-6.0,0.925
23,153,-6.0,-6.0,0.8625
23,154,-6.0,-6.0,0.9375
23,155,-6.0,-6.0,0.9125
23,156,-6.0,-6.0,0.925
23,157,-6.0,-6.0,0.9375
23,158,-6.0,-6.0,0.9125
23,159,-6.0,-6.0,0.8875
23,160,-6.0,-6.0,0.925
23,161,-6.0,-6.0,0.9
23,162,-6.0,-6.0,0.925
23,163,-6.0,-6.0,0.9375
23,164,-6.0,-6.0,0.9125
23,165,-6.0,-6.0,0.9125
23,166,-6.0,-6.0,0.925
23,167,-6.0,-6.0,0.9
23,168,-6.0,-6.0,0.925
23,169,-6.0,-6.0,0.8875
23,170,-6.0,-6.0,0.95
23,171,-6.0,-6.0,0.925
23,172,-6.0,-6.0,0.8875
23,173,-6.0,-6.0,0.925
23,174,-6.0,-6.0,0.925
23,175,-6.0,-6.0,0.9375
23,176,-6.0,-6.0,0.9125
23,177,-6.0,-6.0,0.9125
23,178,-6.0,-6.0,0.925
23,179,-6.0,-6.0,0.9
23,180,-6.0,-6.0,0.9375
23,181,-6.0,-6.0,0.9375
23,182,-6.0,-6.0,0.925
23,183,-6.0,-6.0,0.9
23,184,-6.0,-6.0,0.9375
23,185,-6.0,-6.0,0.9375
23,186,-6.0,-6.0,0.9125
23,187,-6.0,-6.0,0.9
23,188,-6.0,-6.0,0.925
23,189,-6.0,-6.0,0.9
23,190,-6.0,-6.0,0.9375
23,191,-6.0,-6.0,0.8625
23,192,-6.0,-6.0,0.9125
23,193,-6.0,-6.0,0.9375
23,194,-6.0,-6.0,0.8875
23,195,-6.0,-6.0,0.9125
23,196,-6.0,-6.0,0.925
23,197,-6.0,-6.0,0.9375
23,198,-6.0,-6.0,0.9375
23,199,-6.0,-6.0,0.9375
23,200,-6.0,-6.0,0.95
24,0,-5.994839936520576,-5.994839936520576,0.7875
24,1,-5.99999566390488,-5.99999566390488,0.9125
24,2,-6.0,-6.0,0.8375
24,3,-6.0,-6.0,0.8625
24,4,-6.0,-6.0,0.8375
24,5,-6.0,-6.0,0.8625
24,6,-6.0,-6.0,0.925
24,7,-6.0,-6.0,0.9
24,8,-6.0,-6.0,0.9375
24,9,-6.0,-6.0,0.975
24,10,-6.0,-6.0,0.925
24,11,-6.0,-6.0,0.9625
24,12,-6.0,-6.0,0.9375
24,13,-6.0,-6.0,0.95
24,14,-6.0,-6.0,0.9
24,15,-6.0,-6.0,0.875
24,16,-6.0,-6.0,0.9
24,17,-6.0,-6.0,0.8625
24,18,-6.0,-6.0,0.975
24,19,-6.0,-6.0,0.9625
24,20,-6.0,-6.0,0.975
24,21,-6.0,-6.0,0.925
24,22,-6.0,-6.0,0.875
24,23,-6.0,-6.0,0.925
24,24,-6.0,-6.0,0.85
24,25,-6.0,-6.0,0.8
24,26,-6.0,-6.0,0.9125
24,27,-6.0,-6.0,0.9
24,28,-6.0,-6.0,0.95
24,29,-6.0,-6.0,0.9375
24,30,-6.0,-6.0,0.925
24,31,-6.0,-6.0,0.9625
24,32,-6.0,-6.0,0.925
24,33,-6.0,-6.0,0.9875
24,34,-6.0,-6.0,0.9
24,35,-6.0,-6.0,0.925
24,36,-6.0,-6.0,0.925
24,37,-6.0,-6.0,0.8625
24,38,-6.0,-6.0,0.875
24,39,-6.0,-6.0,0.8625
24,40,-6.0,-6.0,0.9
24,41,-6.0,-6.0,0.9125
24,42,-6.0,-6.0,0.8875
24,43,-6.0,-6.0,0.9375
24,44,-6.0,-6.0,0.925
24,45,-6.0,-6.0,0.9625
24,46,-6.0,-6.0,0.925
24,47,-6.0,-6.0,0.875
24,48,-6.0,-6.0,0.975
24,49,-6.0,-6.0,0.9375
24,50,-6.0,-6.0,0.875
24,51,-6.0,-6.0,0.925
24,52,-6.0,-6.0,0.8875
24,53,-6.0,-6.0,0.9375
24,54,-6.0,-6.0,0.9125
24,55,-6.0,-6.0,0.95
24,56,-6.0,-6.0,0.8875
24,57,-6.0,-6.0,0.975
24,58,-6.0,-6.0,0.9375
24,59,-6.0,-6.0,0.9375
24,60,-6.0,-6.0,0.9625
24,61,-6.0,-6.0,0.9375
24,62,-6.0,-6.0,0.8875
24,63,-6.0,-6.0,0.9875
24,64,-6.0,-6.0,0.9875
24,65,-6.0,-6.0,0.925
24,66,-6.0,-6.0,0.925
24,67,-6.0,-6.0,0.9375
24,68,-6.0,-6.0,0.9125
24,69,-6.0,-6.0,0.8375
24,70,-6.0,-6.0,0.95
24,71,-6.0,-6.0,0.9
24,72,-6.0,-6.0,0.8875
24,73,-6.0,-6.0,0.8875
24,74,-6.0,-6.0,0.8625
24,75,-6.0,-6.0,0.9125
24,76,-6.0,-6.0,0.9375
24,77,-6.0,-6.0,0.95
24,78,-6.0,-6.0,0.9
24,79,-6.0,-6.0,0.8625
24,80,-6.0,-6.0,0.8875
24,81,-6.0,-6.0,0.8625
24,82,-6.0,-6.0,0.9625
24,83,-6.0,-6.0,0.9375
24,84,-6.0,-6.0,0.9375
24,85,-6.0,-6.0,0.9375
24,86,-6.0,-6.0,0.9
24,87,-6.0,-6.0,0.925
24,88,-6.0,-6.0,0.9375
24,89,-6.0,-6.0,0.9
24,90,-6.0,-6.0,0.8875
24,91,-6.0,-6.0,0.9125
24,92,-6.0,-6.0,0.9625
24,93,-6.0,-6.0,0.9
24,94,-6.0,-6.0,0.875
24,95,-6.0,-6.0,0.9125
24,96,-6.0,-6.0,0.95
24,97,-6.0,-6.0,0.925
24,98,-6.0,-6.0,0.8625
24,99,-6.0,-6.0,0.9375
24,100,-6.0,-6.0,0.95
24,101,-6.0,-6.0,0.85
24,102,-6.0,-6.0,0.875
24,103,-6.0,-6.0,0.9375
24,104,-6.0,-6.0,0.875
24,105,-6.0,-6.0,0.9125
24,106,-6.0,-6.0,0.9125
24,107,-6.0,-6.0,0.85
24,108,-6.0,-6.0,0.925
24,109,-6.0,-6.0,0.8875
24,110,-6.0,-6.0,0.9125
24,111,-6.0,-6.0,0.8375
24,112,-6.0,-6.0,0.8625
24,113,-6.0,-6.0,0.925
24,114,-6.0,-6.0,0.9375
24,115,-6.0,-6.0,0.875
24,116,-6.0,-6.0,0.9
24,117,-6.0,-6.0,0.8875
24,118,-6.0,-6.0,0.9375
24,119,-6.0,-6.0,0.8625
24,120,-6.0,-6.0,0.9
24,121,-6.0,-6.0,0.925
24,122,-6.0,-6.0,0.9
24,123,-6.0,-6.0,0.9125
24,124,-6.0,-6.0,0.8125
24,125,-6.0,-6.0,0.85
24,126,-6.0,-6.0,0.9125
24,127,-6.0,-6.0,0.9
24,128,-6.0,-6.0,0.9375
24,129,-6.0,-6.0,0.9375
24,130,-6.0,-6.0,0.975
24,131,-6.0,-6.0,0.95
24,132,-6.0,-6.0,0.975
24,133,-6.0,-6.0,0.8875
24,134,-6.0,-6.0,0.9375
24,135,-6.0,-6.0,0.95
24,136,-6.0,-6.0,0.8875
24,137,-6.0,-6.0,0.9
24,138,-6.0,-6.0,0.85
24,139,-6.0,-6.0,0.9
24,140,-6.0,-6.0,0.95
24,141,-6.0,-6.0,0.9125
24,142,-6.0,-6.0,0.8875
24,143,-6.0,-6.0,0.9125
24,144,-6.0,-6.0,0.9375
24,145,-6.0,-6.0,0.95
24,146,-6.0,-6.0,0.95
24,147,-6.0,-6.0,0.9375
24,148,-6.0,-6.0,0.875
24,149,-6.0,-6.0,0.9625
24,150,-6.0,-6.0,0.9125
24,151,-6.0,-6.0,0.95
24,152,-6.0,-6.0,0.875
24,153,-6.0,-6.0,0.9
24,154,-6.0,-6.0,0.9
24,155,-6.0,-6.0,0.9
24,156,-6.0,-6.0,0.9
24,157,-6.0,-6.0,0.9125
24,158,-6.0,-6.0,0.8875
24,159,-6.0,-6.0,0.9
24,160,-6.0,-6.0,0.9375
24,161,-6.0,-6.0,0.9
24,162,-6.0,-6.0,0.875
24,163,-6.0,-6.0,0.9375
24,164,-6.0,-6.0,0.875
24,165,-6.0,-6.0,0.9125
24,166,-6.0,-6.0,0.9
24,167,-6.0,-6.0,0.925
24,168,-6.0,-6.0,0.95
24,169,-6.0,-6.0,0.9375
24,170,-6.0,-6.0,0.9625
24,171,-6.0,-6.0,0.9
24,172,-6.0,-6.0,0.875
24,173,-6.0,-6.0,0.9375
24,174,-6.0,-6.0,0.9
24,175,-6.0,-6.0,0.875
24,176,-6.0,-6.0,0.9375
24,177,-6.0,-6.0,0.8625
24,178,-6.0,-6.0,0.925
24,179,-6.0,-6.0,0.8375
24,180,-6.0,-6.0,0.8875
24,181,-6.0,-6.0,0.9125
24,182,-6.0,-6.0,0.875
24,183,-6.0,-6.0,0.9
24,184,-6.0,-6.0,0.85
24,185,-6.0,-6.0,0.8875
24,186,-6.0,-6.0,0.8875
24,187,-6.0,-6.0,0.9125
24,188,-6.0,-6.0,0.8625
24,189,-6.0,-6.0,0.925
24,190,-6.0,-6.0,0.875
24,191,-6.0,-6.0,0.9375
24,192,-6.0,-6.0,0.7875
24,193,-6.0,-6.0,0.8375
24,194,-6.0,-6.0,0.875
24,195,-6.0,-6.0,0.9
24,196,-6.0,-6.0,0.9
24,197,-6.0,-6.0,0.925
24,198,-6.0,-6.0,0.9
24,199,-6.0,-6.0,0.95
24,200,-6.0,-6.0,0.925
25,0,-5.9993000274269965,-5.9993000274269965,0.7875
25,1,-6.0,-6.0,0.9
25,2,-6.0,-6.0,0.925
25,3,-6.0,-6.0,0.8125
25,4,-6.0,-6.0,0.925
25,5,-6.0,-6.0,0.9375
25,6,-6.0,-6.0,0.9
25,7,-6.0,-6.0,0.95
25,8,-6.0,-6.0,0.925
25,9,-6.0,-6.0,0.9
25,10,-6.0,-6.0,0.9625
25,11,-6.0,-6.0,0.8625
25,12,-6.0,-6.0,0.975
25,13,-6.0,-6.0,0.925
25,14,-6.0,-6.0,0.95
25,15,-6.0,-6.0,0.925
25,16,-6.0,-6.0,0.925
25,17,-6.0,-6.0,0.9375
25,18,-6.0,-6.0,0.9125
25,19,-6.0,-6.0,0.875
25,20,-6.0,-6.0,0.925
25,21,-6.0,-6.0,0.9
25,22,-6.0,-6.0,0.9125
25,23,-6.0,-6.0,0.9125
25,24,-6.0,-6.0,0.9125
25,25,-6.0,-6.0,0.9625
25,26,-6.0,-6.0,0.9
25,27,-6.0,-6.0,0.9125
25,28,-6.0,-6.0,0.9
25,29,-6.0,-6.0,0.925
25,30,-6.0,-6.0,0.925
25,31,-6.0,-6.0,0.9125
25,32,-6.0,-6.0,0.875
25,33,-6.0,-6.0,0.875
25,34,-6.0,-6.0,0.925
25,35,-6.0,-6.0,0.9
25,36,-6.0,-6.0,0.925
25,37,-6.0,-6.0,0.8875
25,38,-6.0,-6.0,0.9125
25,39,-6.0,-6.0,0.9125
25,40,-6.0,-6.0,0.9
25,41,-6.0,-6.0,0.9
25,42,-6.0,-6.0,0.8125
25,43,-6.0,-6.0,0.9125
25,44,-6.0,-6.0,0.9375
25,45,-6.0,-6.0,0.9
25,46,-6.0,-6.0,0.95
25,47,-6.0,-6.0,0.875
25,48,-6.0,-6.0,0.925
25,49,-6.0,-6.0,0.9
25,50,-6.0,-6.0,0.8625
25,51,-6.0,-6.0,0.9
25,52,-6.0,-6.0,0.9125
25,53,-6.0,-6.0,0.9875
25,54,-6.0,-6.0,0.95
25,55,-6.0,-6.0,0.9
25,56,-6.0,-6.0,0.925
25,57,-6.0,-6.0,0.9625
25,58,-6.0,-6.0,0.925
25,59,-6.0,-6.0,0.9375
25,60,-6.0,-6.0,0.925
25,61,-6.0,-6.0,0.9125
25,62,-6.0,-6.0,0.95
25,63,-6.0,-6.0,0.925
25,64,-6.0,-6.0,0.925
25,65,-6.0,-6.0,0.95
25,66,-6.0,-6.0,0.8875
25,67,-6.0,-6.0,0.9375
25,68,-6.0,-6.0,0.875
25,69,-6.0,-6.0,0.85
25,70,-6.0,-6.0,0.9375
25,71,-6.0,-6.0,0.9125
25,72,-6.0,-6.0,0.8625
25,73,-6.0,-6.0,0.8125
25,74,-6.0,-6.0,0.8375
25,75,-6.0,-6.0,0.975
25,76,-6.0,-6.0,0.9375
25,77,-6.0,-6.0,0.9
25,78,-6.0,-6.0,0.9375
25,79,-6.0,-6.0,0.975
25,80,-6.0,-6.0,0.95
25,81,-6.0,-6.0,0.9125
25,82,-6.0,-6.0,0.95
25,83,-6.0,-6.0,0.875
25,84,-6.0,-6.0,0.8875
25,85,-6.0,-6.0,0.9
25,86,-6.0,-6.0,0.9375
25,87,-6.0,-6.0,0.9375
25,88,-6.0,-6.0,0.875
25,89,-6.0,-6.0,0.875
25,90,-6.0,-6.0,0.8875
25,91,-6.0,-6.0,0.925
25,92,-6.0,-6.0,0.8875
25,93,-6.0,-6.0,0.875
25,94,-6.0,-6.0,0.875
25,95,-6.0,-6.0,0.9125
25,96,-6.0,-6.0,0.925
25,97,-6.0,-6.0,0.925
25,98,-6.0,-6.0,0.9625
25,99,-6.0,-6.0,0.95
25,100,-6.0,-6.0,0.875
25,101,-6.0,-6.0,0.8875
25,102,-6.0,-6.0,0.925
25,103,-6.0,-6.0,0.9
25,104,-6.0,-6.0,0.925
25,105,-6.0,-6.0,0.925
25,106,-6.0,-6.0,0.9125
25,107,-6.0,-6.0,0.925
25,108,-6.0,-6.0,0.8625
25,109,-6.0,-6.0,0.875
25,110,-6.0,-6.0,0.8875
25,111,-6.0,-6.0,0.9375
25,112,-6.0,-6.0,0.8875
25,113,-6.0,-6.0,0.85
25,114,-6.0,-6.0,0.8875
25,115,-6.0,-6.0,0.9
25,116,-6.0,-6.0,0.8875
25,117,-6.0,-6.0,0.9375
25,118,-6.0,-6.0,0.9625
25,119,-6.0,-6.0,0.9625
25,120,-6.0,-6.0,0.8875
25,121,-6.0,-6.0,0.8875
25,122,-6.0,-6.0,0.9
25,123,-6.0,-6.0,0.925
25,124,-6.0,-6.0,0.875
25,125,-6.0,-6.0,0.9875
25,126,-6.0,-6.0,0.925
25,127,-6.0,-6.0,0.9375
25,128,-6.0,-6.0,0.9125
25,129,-6.0,-6.0,0.9375
25,130,-6.0,-6.0,0.85
25,131,-6.0,-6.0,0.925
25,132,-6.0,-6.0,0.875
25,133,-6.0,-6.0,0.875
25,134,-6.0,-6.0,0.9125
25,135,-6.0,-6.0,0.8625
25,136,-6.0,-6.0,0.9
25,137,-6.0,-6.0,0.925
25,138,-6.0,-6.0,0.925
25,139,-6.0,-6.0,0.925
25,140,-6.0,-6.0,0.9875
25,141,-6.0,-6.0,0.95
25,142,-6.0,-6.0,0.95
25,143,-6.0,-6.0,0.8875
25,144,-6.0,-6.0,0.8875
25,145,-6.0,-6.0,0.9125
25,146,-6.0,-6.0,0.9125
25,147,-6.0,-6.0,0.9125
25,148,-6.0,-6.0,0.9125
25,149,-6.0,-6.0,0.8625
25,150,-6.0,-6.0,0.8625
25,151,-6.0,-6.0,0.925
25,152,-6.0,-6.0,0.9
25,153,-6.0,-6.0,0.95
25,154,-6.0,-6.0,0.8875
25,155,-6.0,-6.0,0.9125
25,156,-6.0,-6.0,0.8875
25,157,-6.0,-6.0,0.9375
25,158,-6.0,-6.0,0.9375
25,159,-6.0,-6.0,0.925
25,160,-6.0,-6.0,0.85
25,161,-6.0,-6.0,0.85
25,162,-6.0,-6.0,0.9125
25,163,-6.0,-6.0,0.925
25,164,-6.0,-6.0,0.9125
25,165,-6.0,-6.0,0.875
25,166,-6.0,-6.0,0.9125
25,167,-6.0,-6.0,0.8875
25,168,-6.0,-6.0,0.95
25,169,-6.0,-6.0,0.875
25,170,-6.0,-6.0,0.9625
25,171,-6.0,-6.0,0.9375
25,172,-6.0,-6.0,0.9375
25,173,-6.0,-6.0,0.8875
25,174,-6.0,-6.0,0.9375
25,175,-6.0,-6.0,0.9375
25,176,-6.0,-6.0,0.8625
25,177,-6.0,-6.0,0.9375
25,178,-6.0,-6.0,0.875
25,179,-6.0,-6.0,0.8875
25,180,-6.0,-6.0,0.8875
25,181,-6.0,-6.0,0.8875
25,182,-6.0,-6.0,0.8875
25,183,-6.0,-6.0,0.8875
25,184,-6.0,-6.0,0.9375
25,185,-6.0,-6.0,0.875
25,186,-6.0,-6.0,0.9
25,187,-6.0,-6.0,0.9625
25,188,-6.0,-6.0,0.875
25,189,-6.0,-6.0,0.8625
25,190,-6.0,-6.0,0.95
25,191,-6.0,-6.0,0.85
25,192,-6.0,-6.0,0.85
25,193,-6.0,-6.0,0.95
25,194,-6.0,-6.0,0.925
25,195,-6.0,-6.0,0.925
25,196,-6.0,-6.0,0.875
25,197,-6.0,-6.0,0.9125
25,198,-6.0,-6.0,0.8625
25,199,-6.0,-6.0,0.875
25,200,-6.0,-6.0,0.9375
26,0,-5.999431689244485,-5.999431689244485,0.825
26,1,-6.0,-6.0,0.9
26,2,-6.0,-6.0,0.95
26,3,-6.0,-6.0,0.925
26,4,-6.0,-6.0,0.925
26,5,-6.0,-6.0,0.8625
26,6,-6.0,-6.0,0.925
26,7,-6.0,-6.0,0.9625
26,8,-6.0,-6.0,0.9375
26,9,-6.0,-6.0,0.95
26,10,-6.0,-6.0,0.9375
26,11,-6.0,-6.0,0.9
26,12,-6.0,-6.0,0.9
26,13,-6.0,-6.0,0.8625
26,14,-6.0,-6.0,0.8875
26,15,-6.0,-6.0,0.9625
26,16,-6.0,-6.0,0.9375
26,17,-6.0,-6.0,0.875
26,18,-6.0,-6.0,0.925
26,19,-6.0,-6.0,0.9375
26,20,-6.0,-6.0,0.925
26,21,-6.0,-6.0,0.9
26,22,-6.0,-6.0,0.9
26,23,-6.0,-6.0,0.9125
26,24,-6.0,-6.0,0.8625
26,25,-6.0,-6.0,0.9125
26,26,-6.0,-6.0,0.95
26,27,-6.0,-6.0,0.8875
26,28,-6.0,-6.0,0.875
26,29,-6.0,-6.0,0.9125
26,30,-6.0,-6.0,0.9375
26,31,-6.0,-6.0,0.95
26,32,-6.0,-6.0,0.95
26,33,-6.0,-6.0,0.9375
26,34,-6.0,-6.0,0.925
26,35,-6.0,-6.0,0.9375
26,36,-6.0,-6.0,0.925
26,37,-6.0,-6.0,0.875
26,38,-6.0,-6.0,0.8625
26,39,-6.0,-6.0,0.8625
26,40,-6.0,-6.0,0.8625
26,41,-6.0,-6.0,0.9125
26,42,-6.0,-6.0,0.95
26,43,-6.0,-6.0,0.8875
26,44,-6.0,-6.0,0.85
26,45,-6.0,-6.0,0.9625
26,46,-6.0,-6.0,0.975
26,47,-6.0,-6.0,0.95
26,48,-6.0,-6.0,0.9125
26,49,-6.0,-6.0,0.9125
26,50,-6.0,-6.0,0.95
26,51,-6.0,-6.0,0.875
26,52,-6.0,-6.0,0.8875
26,53,-6.0,-6.0,0.9
26,54,-6.0,-6.0,0.925
26,55,-6.0,-6.0,0.925
26,56,-6.0,-6.0,0.8875
26,57,-6.0,-6.0,0.95
26,58,-6.0,-6.0,0.925
26,59,-6.0,-6.0,0.8375
26,60,-6.0,-6.0,0.8375
26,61,-6.0,-6.0,0.875
26,62,-6.0,-6.0,0.95
26,63,-6.0,-6.0,0.875
26,64,-6.0,-6.0,0.9
26,65,-6.0,-6.0,0.95
26,66,-6.0,-6.0,0.9
26,67,-6.0,-6.0,0.9125
26,68,-6.0,-6.0,0.925
26,69,-6.0,-6.0,0.9375
26,70,-6.0,-6.0,0.8875
26,71,-6.0,-6.0,0.8875
26,72,-6.0,-6.0,0.9
26,73,-6.0,-6.0,0.9
26,74,-6.0,-6.0,0.9375
26,75,-6.0,-6.0,0.95
26,76,-6.0,-6.0,0.9625
26,77,-6.0,-6.0,0.925
26,78,-6.0,-6.0,0.925
26,79,-6.0,-6.0,0.9
26,80,-6.0,-6.0,0.9375
26,81,-6.0,-6.0,0.9
26,82,-6.0,-6.0,0.8875
26,83,-6.0,-6.0,0.9375
26,84,-6.0,-6.0,0.9
26,85,-6.0,-6.0,0.9
26,86,-6.0,-6.0,0.8625
26,87,-6.0,-6.0,0.9
26,88,-6.0,-6.0,0.8625
26,89,-6.0,-6.0,0.8875
26,90,-6.0,-6.0,0.8875
26,91,-6.0,-6.0,0.9375
26,92,-6.0,-6.0,0.9375
26,93,-6.0,-6.0,0.9
26,94,-6.0,-6.0,0.975
26,95,-6.0,-6.0,0.9625
26,96,-6.0,-6.0,0.9
26,97,-6.0,-6.0,0.925
26,98,-6.0,-6.0,0.8875
26,99,-6.0,-6.0,0.9
26,100,-6.0,-6.0,0.8375
26,101,-6.0,-6.0,0.95
26,102,-6.0,-6.0,0.875
26,103,-6.0,-6.0,0.9125
26,104,-6.0,-6.0,0.875
26,105,-6.0,-6.0,0.925
26,106,-6.0,-6.0,0.875
26,107,-6.0,-6.0,0.9875
26,108,-6.0,-6.0,0.9
26,109,-6.0,-6.0,0.9125
26,110,-6.0,-6.0,0.9375
26,111,-6.0,-6.0,0.95
26,112,-6.0,-6.0,0.9125
26,113,-6.0,-6.0,0.9
26,114,-6.0,-6.0,0.8875
26,115,-6.0,-6.0,0.8875
26,116,-6.0,-6.0,0.9125
26,117,-6.0,-6.0,0.925
26,118,-6.0,-6.0,0.95
26,119,-6.0,-6.0,0.9
26,120,-6.0,-6.0,0.9375
26,121,-6.0,-6.0,0.9
26,122,-6.0,-6.0,0.8875
26,123,-6.0,-6.0,0.925
26,124,-6.0,-6.0,0.9
26,125,-6.0,-6.0,0.9
26,126,-6.0,-6.0,0.9375
26,127,-6.0,-6.0,0.8875
26,128,-6.0,-6.0,0.9125
26,129,-6.0,-6.0,0.925
26,130,-6.0,-6.0,0.9375
26,131,-6.0,-6.0,0.8875
26,132,-6.0,-6.0,0.9125
26,133,-6.0,-6.0,0.925
26,134,-6.0,-6.0,0.925
26,135,-6.0,-6.0,0.875
26,136,-6.0,-6.0,0.8125
26,137,-6.0,-6.0,0.9
26,138,-6.0,-6.0,0.95
26,139,-6.0,-6.0,0.9625
26,140,-6.0,-6.0,0.95
26,141,-6.0,-6.0,0.9625
26,142,-6.0,-6.0,0.9
26,143,-6.0,-6.0,0.9
26,144,-6.0,-6.0,0.9125
26,145,-6.0,-6.0,0.9125
26,146,-6.0,-6.0,0.9125
26,147,-6.0,-6.0,0.9125
26,148,-6.0,-6.0,0.9
26,149,-6.0,-6.0,0.95
26,150,-6.0,-6.0,0.85
26,151,-6.0,-6.0,0.925
26,152,-6.0,-6.0,0.875
26,153,-6.0,-6.0,0.875
26,154,-6.0,-6.0,0.9125
26,155,-6.0,-6.0,0.9125
26,156,-6.0,-6.0,0.8875
26,157,-6.0,-6.0,0.9375
26,158,-6.0,-6.0,0.8875
26,159,-6.0,-6.0,0.8625
26,160,-6.0,-6.0,0.9125
26,161,-6.0,-6.0,0.875
26,162,-6.0,-6.0,0.875
26,163,-6.0,-6.0,0.9125
26,164,-6.0,-6.0,0.925
26,165,-6.0,-6.0,0.9
26,166,-6.0,-6.0,0.9125
26,167,-6.0,-6.0,0.875
26,168,-6.0,-6.0,0.925
26,169,-6.0,-6.0,0.8625
26,170,-6.0,-6.0,0.8875
26,171,-6.0,-6.0,0.95
26,172,-6.0,-6.0,0.8875
26,173,-6.0,-6.0,0.9375
26,174,-6.0,-6.0,0.875
26,175,-6.0,-6.0,0.8125
26,176,-6.0,-6.0,0.925
26,177,-6.0,-6.0,0.95
26,178,-6.0,-6.0,0.875
26,179,-6.0,-6.0,0.8875
26,180,-6.0,-6.0,0.9375
26,181,-6.0,-6.0,0.925
26,182,-6.0,-6.0,0.8125
26,183,-6.0,-6.0,0.8625
26,184,-6.0,-6.0,0.9375
26,185,-6.0,-6.0,0.925
26,186,-6.0,-6.0,0.9125
26,187,-6.0,-6.0,0.95
26,188,-6.0,-6.0,0.95
26,189,-6.0,-6.0,0.925
26,190,-6.0,-6.0,0.925
26,191,-6.0,-6.0,0.9125
26,192,-6.0,-6.0,0.8625
26,193,-6.0,-6.0,0.925
26,194,-6.0,-6.0,0.9
26,195,-6.0,-6.0,0.9375
26,196,-6.0,-6.0,0.9125
26,197,-6.0,-6.0,0.9125
26,198,-6.0,-6.0,0.9125
26,199,-6.0,-6.0,0.9125
26,200,-6.0,-6.0,0.925
27,0,-5.987598506281894,-5.987598506281894,0.7625
27,1,-6.0,-6.0,0.9375
27,2,-6.0,-6.0,0.925
27,3,-6.0,-6.0,0.8875
27,4,-6.0,-6.0,0.9
27,5,-6.0,-6.0,0.95
27,6,-6.0,-6.0,0.95
27,7,-6.0,-6.0,0.925
27,8,-6.0,-6.0,0.95
27,9,-6.0,-6.0,0.9
27,10,-6.0,-6.0,0.9125
27,11,-6.0,-6.0,0.95
27,12,-6.0,-6.0,0.975
27,13,-6.0,-6.0,0.95
27,14,-6.0,-6.0,0.9375
27,15,-6.0,-6.0,0.9125
27,16,-6.0,-6.0,0.9125
27,17,-6.0,-6.0,0.9
27,18,-6.0,-6.0,0.8875
27,19,-6.0,-6.0,0.975
27,20,-6.0,-6.0,0.925
27,21,-6.0,-6.0,0.9375
27,22,-6.0,-6.0,0.9375
27,23,-6.0,-6.0,0.925
27,24,-6.0,-6.0,0.975
27,25,-6.0,-6.0,0.9375
27,26,-6.0,-6.0,0.975
27,27,-6.0,-6.0,0.9125
27,28,-6.0,-6.0,0.95
27,29,-6.0,-6.0,0.8625
27,30,-6.0,-6.0,0.9125
27,31,-6.0,-6.0,0.95
27,32,-6.0,-6.0,0.925
27,33,-6.0,-6.0,0.875
27,34,-6.0,-6.0,0.8
27,35,-6.0,-6.0,0.85
27,36,-6.0,-6.0,0.9625
27,37,-6.0,-6.0,0.9625
27,38,-6.0,-6.0,0.9375
27,39,-6.0,-6.0,0.9125
27,40,-6.0,-6.0,0.9125
27,41,-6.0,-6.0,0.9125
27,42,-6.0,-6.0,0.925
27,43,-6.0,-6.0,0.9125
27,44,-6.0,-6.0,0.9375
27,45,-6.0,-6.0,0.95
27,46,-6.0,-6.0,0.9
27,47,-6.0,-6.0,0.825
27,48,-6.0,-6.0,0.925
27,49,-6.0,-6.0,0.9
27,50,-6.0,-6.0,0.9
27,51,-6.0,-6.0,0.8875
27,52,-6.0,-6.0,0.925
27,53,-6.0,-6.0,0.9
27,54,-6.0,-6.0,0.875
27,55,-6.0,-6.0,0.975
27,56,-6.0,-6.0,0.9375
27,57,-6.0,-6.0,0.925
27,58,-6.0,-6.0,0.975
27,59,-6.0,-6.0,0.9
27,60,-6.0,-6.0,0.875
27,61,-6.0,-6.0,0.8875
27,62,-6.0,-6.0,0.9125
27,63,-6.0,-6.0,0.9125
27,64,-6.0,-6.0,0.95
27,65,-6.0,-6.0,0.925
27,66,-6.0,-6.0,0.8875
27,67,-6.0,-6.0,0.975
27,68,-6.0,-6.0,0.925
27,69,-6.0,-6.0,0.85
27,70,-6.0,-6.0,0.8625
27,71,-6.0,-6.0,0.8625
27,72,-6.0,-6.0,0.9125
27,73,-6.0,-6.0,0.9125
27,74,-6.0,-6.0,0.875
27,75,-6.0,-6.0,0.9375
27,76,-6.0,-6.0,0.875
27,77,-6.0,-6.0,0.9
27,78,-6.0,-6.0,0.9625
27,79,-6.0,-6.0,0.95
27,80,-6.0,-6.0,0.9375
27,81,-6.0,-6.0,0.95
27,82,-6.0,-6.0,0.9125
27,83,-6.0,-6.0,0.9
27,84,-6.0,-6.0,0.8625
27,85,-6.0,-6.0,0.85
27,86,-6.0,-6.0,0.9625
27,87,-6.0,-6.0,0.8875
27,88,-6.0,-6.0,0.95
27,89,-6.0,-6.0,0.8375
27,90,-6.0,-6.0,0.8625
27,91,-6.0,-6.0,0.9375
27,92,-6.0,-6.0,0.975
27,93,-6.0,-6.0,0.925
27,94,-6.0,-6.0,0.9
27,95,-6.0,-6.0,0.9125
27,96,-6.0,-6.0,0.8875
27,97,-6.0,-6.0,0.925
27,98,-6.0,-6.0,0.975
27,99,-6.0,-6.0,0.925
27,100,-6.0,-6.0,0.9375
27,101,-6.0,-6.0,0.9375
27,102,-6.0,-6.0,0.925
27,103,-6.0,-6.0,0.9125
27,104,-6.0,-6.0,0.9625
27,105,-6.0,-6.0,0.9125
27,106,-6.0,-6.0,0.95
27,107,-6.0,-6.0,0.8875
27,108,-6.0,-6.0,0.875
27,109,-6.0,-6.0,0.9
27,110,-6.0,-6.0,0.9375
27,111,-6.0,-6.0,0.9875
27,112,-6.0,-6.0,0.8875
27,113,-6.0,-6.0,0.9
27,114,-6.0,-6.0,0.925
27,115,-6.0,-6.0,0.975
27,116,-6.0,-6.0,0.9125
27,117,-6.0,-6.0,0.925
27,118,-6.0,-6.0,0.8875
27,119,-6.0,-6.0,0.9375
27,120,-6.0,-6.0,0.875
27,121,-6.0,-6.0,0.9375
27,122,-6.0,-6.0,0.9625
27,123,-6.0,-6.0,0.9125
27,124,-6.0,-6.0,0.9125
27,125,-6.0,-6.0,0.9625
27,126,-6.0,-6.0,0.95
27,127,-6.0,-6.0,0.9
27,128,-6.0,-6.0,0.95
27,129,-6.0,-6.0,0.925
27,130,-6.0,-6.0,0.9
27,131,-6.0,-6.0,0.925
27,132,-6.0,-6.0,0.925
27,133,-6.0,-6.0,0.925
27,134,-6.0,-6.0,0.8875
27,135,-6.0,-6.0,0.9125
27,136,-6.0,-6.0,0.925
27,137,-6.0,-6.0,0.9125
27,138,-6.0,-6.0,0.9125
27,139,-6.0,-6.0,0.9375
27,140,-6.0,-6.0,0.9125
27,141,-6.0,-6.0,0.925
27,142,-6.0,-6.0,0.875
27,143,-6.0,-6.0,0.9
27,144,-6.0,-6.0,0.8625
27,145,-6.0,-6.0,0.875
27,146,-6.0,-6.0,0.9375
27,147,-6.0,-6.0,0.9125
27,148,-6.0,-6.0,0.925
27,149,-6.0,-6.0,0.9125
27,150,-6.0,-6.0,0.9125
27,151,-6.0,-6.0,0.925
27,152,-6.0,-6.0,0.875
27,153,-6.0,-6.0,0.95
27,154,-6.0,-6.0,0.9625
27,155,-6.0,-6.0,0.925
27,156,-6.0,-6.0,0.8875
27,157,-6.0,-6.0,0.925
27,158,-6.0,-6.0,0.95
27,159,-6.0,-6.0,0.9
27,160,-6.0,-6.0,0.95
27,161,-6.0,-6.0,0.9375
27,162,-6.0,-6.0,0.9375
27,163,-6.0,-6.0,0.875
27,164,-6.0,-6.0,0.925
27,165,-6.0,-6.0,0.8875
27,166,-6.0,-6.0,0.95
27,167,-6.0,-6.0,0.8875
27,168,-6.0,-6.0,0.9625
27,169,-6.0,-6.0,0.9
27,170,-6.0,-6.0,0.95
27,171,-6.0,-6.0,0.9375
27,172,-6.0,-6.0,0.9
27,173,-6.0,-6.0,0.925
27,174,-6.0,-6.0,0.9125
27,175,-6.0,-6.0,0.8875
27,176,-6.0,-6.0,0.9125
27,177,-6.0,-6.0,0.925
27,178,-6.0,-6.0,0.875
27,179,-6.0,-6.0,0.9625
27,180,-6.0,-6.0,0.85
27,181,-6.0,-6.0,0.9875
27,182,-6.0,-6.0,0.9625
27,183,-6.0,-6.0,0.9375
27,184,-6.0,-6.0,0.9
27,185,-6.0,-6.0,0.95
27,186,-6.0,-6.0,0.8875
27,187,-6.0,-6.0,0.8875
27,188,-6.0,-6.0,0.925
27,189,-6.0,-6.0,0.9
27,190,-6.0,-6.0,0.925
27,191,-6.0,-6.0,0.9375
27,192,-6.0,-6.0,0.9125
27,193,-6.0,-6.0,0.9125
27,194,-6.0,-6.0,0.9125
27,195,-6.0,-6.0,0.9375
27,196,-6.0,-6.0,0.9375
27,197,-6.0,-6.0,0.9375
27,198,-6.0,-6.0,0.925
27,199,-6.0,-6.0,0.9625
27,200,-6.0,-6.0,0.9375
28,0,-5.99411093656048,-5.99411093656048,0.7
28,1,-5.999218336724569,-5.999218336724569,0.8625
28,2,-5.999608541519876,-5.999608541519876,0.9
28,3,-6.0,-6.0,0.925
28,4,-6.0,-6.0,0.9125
28,5,-6.0,-6.0,0.8625
28,6,-6.0,-6.0,0.95
28,7,-6.0,-6.0,0.975
28,8,-6.0,-6.0,0.9375
28,9,-6.0,-6.0,0.8375
28,10,-6.0,-6.0,0.9125
28,11,-6.0,-6.0,0.9125
28,12,-6.0,-6.0,0.9625
28,13,-6.0,-6.0,0.925
28,14,-6.0,-6.0,0.9125
28,15,-6.0,-6.0,0.9125
28,16,-6.0,-6.0,0.95
28,17,-6.0,-6.0,0.925
28,18,-6.0,-6.0,0.8625
28,19,-6.0,-6.0,0.8875
28,20,-6.0,-6.0,0.95
28,21,-6.0,-6.0,0.9125
28,22,-6.0,-6.0,0.875
28,23,-6.0,-6.0,0.9625
28,24,-6.0,-6.0,0.925
28,25,-6.0,-6.0,0.8625
28,26,-6.0,-6.0,0.925
28,27,-6.0,-6.0,0.9375
28,28,-6.0,-6.0,0.925
28,29,-6.0,-6.0,0.9
28,30,-6.0,-6.0,0.925
28,31,-6.0,-6.0,0.95
28,32,-6.0,-6.0,0.9125
28,33,-6.0,-6.0,0.9375
28,34,-6.0,-6.0,0.925
28,35,-6.0,-6.0,0.8125
28,36,-6.0,-6.0,0.9
28,37,-6.0,-6.0,0.9125
28,38,-6.0,-6.0,0.85
28,39,-6.0,-6.0,0.8625
28,40,-6.0,-6.0,0.875
28,41,-6.0,-6.0,0.9125
28,42,-6.0,-6.0,0.875
28,43,-6.0,-6.0,0.9625
28,44,-6.0,-6.0,0.8875
28,45,-6.0,-6.0,0.9
28,46,-6.0,-6.0,0.975
28,47,-6.0,-6.0,0.8625
28,48,-6.0,-6.0,0.925
28,49,-6.0,-6.0,0.9
28,50,-6.0,-6.0,0.9125
28,51,-6.0,-6.0,0.925
28,52,-6.0,-6.0,0.9125
28,53,-6.0,-6.0,0.9375
28,54,-6.0,-6.0,0.9
28,55,-6.0,-6.0,0.925
28,56,-6.0,-6.0,0.9625
28,57,-6.0,-6.0,0.975
28,58,-6.0,-6.0,0.9375
28,59,-6.0,-6.0,0.9
28,60,-6.0,-6.0,0.95
28,61,-6.0,-6.0,0.9625
28,62,-6.0,-6.0,0.8875
28,63,-6.0,-6.0,0.9625
28,64,-6.0,-6.0,0.8875
28,65,-6.0,-6.0,0.9125
28,66,-6.0,-6.0,0.9125
28,67,-6.0,-6.0,0.9125
28,68,-6.0,-6.0,0.925
28,69,-6.0,-6.0,0.9
28,70,-6.0,-6.0,0.8625
28,71,-6.0,-6.0,0.9
28,72,-6.0,-6.0,0.9125
28,73,-6.0,-6.0,0.9375
28,74,-6.0,-6.0,0.9375
28,75,-6.0,-6.0,0.85
28,76,-6.0,-6.0,0.9
28,77,-6.0,-6.0,0.9
28,78,-6.0,-6.0,0.9125
28,79,-6.0,-6.0,0.8875
28,80,-6.0,-6.0,0.95
28,81,-6.0,-6.0,0.95
28,82,-6.0,-6.0,0.925
28,83,-6.0,-6.0,0.9375
28,84,-6.0,-6.0,0.9125
28,85,-6.0,-6.0,0.925
28,86,-6.0,-6.0,0.9625
28,87,-6.0,-6.0,0.8875
28,88,-6.0,-6.0,0.8625
28,89,-6.0,-6.0,0.875
28,90,-6.0,-6.0,0.8875
28,91,-6.0,-6.0,0.925
28,92,-6.0,-6.0,0.9625
28,93,-6.0,-6.0,0.8875
28,94,-6.0,-6.0,0.9375
28,95,-6.0,-6.0,0.8875
28,96,-6.0,-6.0,0.8375
28,97,-6.0,-6.0,0.875
28,98,-6.0,-6.0,0.9375
28,99,-6.0,-6.0,0.875
28,100,-6.0,-6.0,0.9375
28,101,-6.0,-6.0,0.9125
28,102,-6.0,-6.0,0.9125
28,103,-6.0,-6.0,0.9125
28,104,-6.0,-6.0,0.925
28,105,-6.0,-6.0,0.875
28,106,-6.0,-6.0,0.9375
28,107,-6.0,-6.0,0.9
28,108,-6.0,-6.0,0.95
28,109,-6.0,-6.0,0.9125
28,110,-6.0,-6.0,0.9375
28,111,-6.0,-6.0,0.9
28,112,-6.0,-6.0,0.925
28,113,-6.0,-6.0,0.95
28,114,-6.0,-6.0,0.9
28,115,-6.0,-6.0,0.8875
28,116,-6.0,-6.0,0.925
28,117,-6.0,-6.0,0.9375
28,118,-6.0,-6.0,0.8875
28,119,-6.0,-6.0,0.9125
28,120,-6.0,-6.0,0.925
28,121,-6.0,-6.0,0.875
28,122,-6.0,-6.0,0.9125
28,123,-6.0,-6.0,0.9125
28,124,-6.0,-6.0,0.95
28,125,-6.0,-6.0,0.95
28,126,-6.0,-6.0,0.85
28,127,-6.0,-6.0,0.9375
28,128,-6.0,-6.0,0.925
28,129,-6.0,-6.0,0.95
28,130,-6.0,-6.0,0.9
28,131,-6.0,-6.0,0.8625
28,132,-6.0,-6.0,0.95
28,133,-6.0,-6.0,0.9375
28,134,-6.0,-6.0,0.9375
28,135,-6.0,-6.0,0.95
28,136,-6.0,-6.0,0.9625
28,137,-6.0,-6.0,0.95
28,138,-6.0,-6.0,0.95
28,139,-6.0,-6.0,0.925
28,140,-6.0,-6.0,0.8875
28,141,-6.0,-6.0,0.9375
28,142,-6.0,-6.0,0.9625
28,143,-6.0,-6.0,0.95
28,144,-6.0,-6.0,0.9375
28,145,-6.0,-6.0,0.9375
28,146,-6.0,-6.0,0.8875
28,147,-6.0,-6.0,0.9125
28,148,-6.0,-6.0,0.9125
28,149,-6.0,-6.0,0.9
28,150,-6.0,-6.0,0.9
28,151,-6.0,-6.0,0.925
28,152,-6.0,-6.0,0.9125
28,153,-6.0,-6.0,0.8875
28,154,-6.0,-6.0,0.925
28,155,-6.0,-6.0,0.8875
28,156,-6.0,-6.0,0.8875
28,157,-6.0,-6.0,0.9375
28,158,-6.0,-6.0,0.9125
28,159,-6.0,-6.0,0.85
28,160,-6.0,-6.0,0.925
28,161,-6.0,-6.0,0.9375
28,162,-6.0,-6.0,0.925
28,163,-6.0,-6.0,0.95
28,164,-6.0,-6.0,0.975
28,165,-6.0,-6.0,0.9375
28,166,-6.0,-6.0,0.9
28,167,-6.0,-6.0,0.9625
28,168,-6.0,-6.0,0.925
28,169,-6.0,-6.0,0.925
28,170,-6.0,-6.0,0.9625
28,171,-6.0,-6.0,0.9
28,172,-6.0,-6.0,0.9125
28,173,-6.0,-6.0,0.95
28,174,-6.0,-6.0,0.85
28,175,-6.0,-6.0,0.9
28,176,-6.0,-6.0,0.9125
28,177,-6.0,-6.0,0.875
28,178,-6.0,-6.0,0.9
28,179,-6.0,-6.0,0.8875
28,180,-6.0,-6.0,0.8875
28,181,-6.0,-6.0,0.9375
28,182,-6.0,-6.0,0.925
28,183,-6.0,-6.0,0.9375
28,184,-6.0,-6.0,0.8875
28,185,-6.0,-6.0,0.9625
28,186,-6.0,-6.0,0.9
28,187,-6.0,-6.0,0.9125
28,188,-6.0,-6.0,0.9
28,189,-6.0,-6.0,0.9625
28,190,-6.0,-6.0,0.9
28,191,-6.0,-6.0,0.875
28,192,-6.0,-6.0,0.9
28,193,-6.0,-6.0,0.9125
28,194,-6.0,-6.0,0.95
28,195,-6.0,-6.0,0.9
28,196,-6.0,-6.0,0.9
28,197,-6.0,-6.0,0.9375
28,198,-6.0,-6.0,0.925
28,199,-6.0,-6.0,0.9
28,200,-6.0,-6.0,0.8875
29,0,-5.989378691551244,-5.989378691551244,0.75
29,1,-6.0,-6.0,0.9375
29,2,-6.0,-6.0,0.9125
29,3,-6.0,-6.0,0.825
29,4,-6.0,-6.0,0.875
29,5,-6.0,-6.0,0.925
29,6,-6.0,-6.0,0.9
29,7,-6.0,-6.0,0.9375
29,8,-6.0,-6.0,0.9375
29,9,-6.0,-6.0,0.8875
29,10,-6.0,-6.0,0.9
29,11,-6.0,-6.0,0.9625
29,12,-6.0,-6.0,0.9125
29,13,-6.0,-6.0,0.925
29,14,-6.0,-6.0,0.925
29,15,-6.0,-6.0,0.9
29,16,-6.0,-6.0,0.95
29,17,-6.0,-6.0,0.9
29,18,-6.0,-6.0,0.9
29,19,-6.0,-6.0,0.9125
29,20,-6.0,-6.0,0.925
29,21,-6.0,-6.0,0.9375
29,22,-6.0,-6.0,0.9375
29,23,-6.0,-6.0,0.9625
29,24,-6.0,-6.0,0.8875
29,25,-6.0,-6.0,0.9375
29,26,-6.0,-6.0,0.85
29,27,-6.0,-6.0,0.8625
29,28,-6.0,-6.0,0.9375
29,29,-6.0,-6.0,0.9
29,30,-6.0,-6.0,0.8875
29,31,-6.0,-6.0,0.95
29,32,-6.0,-6.0,0.9375
29,33,-6.0,-6.0,0.8875
29,34,-6.0,-6.0,0.9
29,35,-6.0,-6.0,0.8875
29,36,-6.0,-6.0,0.8875
29,37,-6.0,-6.0,0.9125
29,38,-6.0,-6.0,0.9375
29,39,-6.0,-6.0,0.9625
29,40,-6.0,-6.0,0.8875
29,41,-6.0,-6.0,0.925
29,42,-6.0,-6.0,0.875
29,43,-6.0,-6.0,0.925
29,44,-6.0,-6.0,0.9375
29,45,-6.0,-6.0,0.925
29,46,-6.0,-6.0,0.9625
29,47,-6.0,-6.0,0.9375
29,48,-6.0,-6.0,0.9
29,49,-6.0,-6.0,0.95
29,50,-6.0,-6.0,0.9375
29,51,-6.0,-6.0,0.9375
29,52,-6.0,-6.0,0.9
29,53,-6.0,-6.0,0.9375
29,54,-6.0,-6.0,0.9375
29,55,-6.0,-6.0,0.925
29,56,-6.0,-6.0,0.875
29,57,-6.0,-6.0,0.95
29,58,-6.0,-6.0,0.8625
29,59,-6.0,-6.0,0.9375
29,60,-6.0,-6.0,0.925
29,61,-6.0,-6.0,0.8875
29,62,-6.0,-6.0,0.95
29,63,-6.0,-6.0,0.925
29,64,-6.0,-6.0,0.95
29,65,-6.0,-6.0,0.9125
29,66,-6.0,-6.0,0.9
29,67,-6.0,-6.0,0.9875
29,68,-6.0,-6.0,0.95
29,69,-6.0,-6.0,0.875
29,70,-6.0,-6.0,0.9
29,71,-6.0,-6.0,0.9125
29,72,-6.0,-6.0,0.875
29,73,-6.0,-6.0,0.95
29,74,-6.0,-6.0,0.975
29,75,-6.0,-6.0,0.9125
29,76,-6.0,-6.0,0.9
29,77,-6.0,-6.0,0.95
29,78,-6.0,-6.0,0.9
29,79,-6.0,-6.0,0.8875
29,80,-6.0,-6.0,0.925
29,81,-6.0,-6.0,0.9125
29,82,-6.0,-6.0,0.875
29,83,-6.0,-6.0,0.9
29,84,-6.0,-6.0,0.875
29,85,-6.0,-6.0,0.925
29,86,-6.0,-6.0,0.9625
29,87,-6.0,-6.0,0.9375
29,88,-6.0,-6.0,1.0
29,89,-6.0,-6.0,0.9
29,90,-6.0,-6.0,0.8375
29,91,-6.0,-6.0,0.9125
29,92,-6.0,-6.0,0.9625
29,93,-6.0,-6.0,0.95
29,94,-6.0,-6.0,0.875
29,95,-6.0,-6.0,0.9375
29,96,-6.0,-6.0,0.875
29,97,-6.0,-6.0,0.9625
29,98,-6.0,-6.0,0.9625
29,99,-6.0,-6.0,0.925
29,100,-6.0,-6.0,0.925
29,101,-6.0,-6.0,0.9625
29,102,-6.0,-6.0,0.9
29,103,-6.0,-6.0,0.9625
29,104,-6.0,-6.0,0.95
29,105,-6.0,-6.0,0.875
29,106,-6.0,-6.0,0.95
29,107,-6.0,-6.0,0.8375
29,108,-6.0,-6.0,0.925
29,109,-6.0,-6.0,0.9375
29,110,-6.0,-6.0,0.925
29,111,-6.0,-6.0,0.9
29,112,-6.0,-6.0,0.9125
29,113,-6.0,-6.0,0.9125
29,114,-6.0,-6.0,0.9
29,115,-6.0,-6.0,0.85
29,116,-6.0,-6.0,0.9
29,117,-6.0,-6.0,0.925
29,118,-6.0,-6.0,0.9125
29,119,-6.0,-6.0,0.9
29,120,-6.0,-6.0,0.9375
29,121,-6.0,-6.0,0.925
29,122,-6.0,-6.0,0.9125
29,123,-6.0,-6.0,0.9125
29,124,-6.0,-6.0,0.9
29,125,-6.0,-6.0,0.925
29,126,-6.0,-6.0,0.925
29,127,-6.0,-6.0,0.9125
29,128,-6.0,-6.0,0.925
29,129,-6.0,-6.0,0.975
29,130,-6.0,-6.0,0.9
29,131,-6.0,-6.0,0.875
29,132,-6.0,-6.0,0.9
29,133,-6.0,-6.0,0.925
29,134,-6.0,-6.0,0.9125
29,135,-6.0,-6.0,0.875
29,136,-6.0,-6.0,0.8875
29,137,-6.0,-6.0,0.95
29,138,-6.0,-6.0,0.9125
29,139,-6.0,-6.0,0.925
29,140,-6.0,-6.0,0.9125
29,141,-6.0,-6.0,0.925
29,142,-6.0,-6.0,0.8875
29,143,-6.0,-6.0,0.9
29,144,-6.0,-6.0,0.8625
29,145,-6.0,-6.0,0.8875
29,146,-6.0,-6.0,0.9625
29,147,-6.0,-6.0,0.9
29,148,-6.0,-6.0,0.9625
29,149,-6.0,-6.0,0.9
29,150,-6.0,-6.0,0.85
29,151,-6.0,-6.0,0.925
29,152,-6.0,-6.0,0.925
29,153,-6.0,-6.0,0.9125
29,154,-6.0,-6.0,0.9
29,155,-6.0,-6.0,0.925
29,156,-6.0,-6.0,0.925
29,157,-6.0,-6.0,0.9375
29,158,-6.0,-6.0,0.925
29,159,-6.0,-6.0,0.9
29,160,-6.0,-6.0,0.9125
29,161,-6.0,-6.0,0.875
29,162,-6.0,-6.0,0.95
29,163,-6.0,-6.0,0.9375
29,164,-6.0,-6.0,0.95
29,165,-6.0,-6.0,0.9
29,166,-6.0,-6.0,0.9375
29,167,-6.0,-6.0,0.9375
29,168,-6.0,-6.0,0.9125
29,169,-6.0,-6.0,0.9625
29,170,-6.0,-6.0,0.9375
29,171,-6.0,-6.0,0.95
29,172,-6.0,-6.0,0.975
29,173,-6.0,-6.0,0.8875
29,174,-6.0,-6.0,0.95
29,175,-6.0,-6.0,0.9625
29,176,-6.0,-6.0,0.9375
29,177,-6.0,-6.0,0.925
29,178,-6.0,-6.0,0.8875
29,179,-6.0,-6.0,0.9375
29,180,-6.0,-6.0,0.9625
29,181,-6.0,-6.0,0.95
29,182,-6.0,-6.0,0.925
29,183,-6.0,-6.0,0.9125
29,184,-6.0,-6.0,0.875
29,185,-6.0,-6.0,0.875
29,186,-6.0,-6.0,0.9375
29,187,-6.0,-6.0,0.95
29,188,-6.0,-6.0,0.95
29,189,-6.0,-6.0,0.975
29,190,-6.0,-6.0,0.95
29,191,-6.0,-6.0,0.9375
29,192,-6.0,-6.0,0.9375
29,193,-6.0,-6.0,0.9375
29,194,-6.0,-6.0,0.9125
29,195,-6.0,-6.0,0.925
29,196,-6.0,-6.0,0.85
29,197,-6.0,-6.0,0.85
29,198,-6.0,-6.0,0.9625
29,199,-6.0,-6.0,0.9625
29,200,-6.0,-6.0,0.9375
